{"name": "Autumn", "children": [{"name": "Mon", "children": [{"name": "CO", "size": 0.10916403842171651}, {"name": "NO2", "size": 1.0622883283426043}, {"name": "Ozone", "size": 6.432345305447148}, {"name": "SO2", "size": 0.12212189347586369}]}, {"name": "Tues", "children": [{"name": "CO", "size": 0.11042219134936258}, {"name": "NO2", "size": 1.1849966680578503}, {"name": "Ozone", "size": 6.500001185711229}, {"name": "SO2", "size": 0.12163449628106163}]}, {"name": "Wed", "children": [{"name": "CO", "size": 0.11341227635992439}, {"name": "NO2", "size": 1.2200798311053487}, {"name": "Ozone", "size": 6.485814873336511}, {"name": "SO2", "size": 0.13031709792278937}]}, {"name": "Thurs", "children": [{"name": "CO", "size": 0.10884173746151606}, {"name": "NO2", "size": 1.1198730640927725}, {"name": "Ozone", "size": 6.495980046273313}, {"name": "SO2", "size": 0.11670344215398415}]}, {"name": "Fri", "children": [{"name": "CO", "size": 0.11193369100515949}, {"name": "NO2", "size": 1.139342467789589}, {"name": "Ozone", "size": 6.566774249091783}, {"name": "SO2", "size": 0.12406914563597772}]}, {"name": "Sat", "children": [{"name": "CO", "size": 0.10882792508738504}, {"name": "NO2", "size": 0.9154946196846814}, {"name": "Ozone", "size": 6.633183774564715}, {"name": "SO2", "size": 0.11948930475252692}]}, {"name": "Sun", "children": [{"name": "CO", "size": 0.10657235057514346}, {"name": "NO2", "size": 0.7791596257691297}, {"name": "Ozone", "size": 6.624951805216286}, {"name": "SO2", "size": 0.11813861892634135}]}]}