{"name": "Spring", "children": [{"name": "Mon", "children": [{"name": "CO", "size": 0.1601474119397841}, {"name": "NO2", "size": 1.5568135988155782}, {"name": "Ozone", "size": 5.30694179744612}, {"name": "SO2", "size": 0.12425197875095191}]}, {"name": "Tues", "children": [{"name": "CO", "size": 0.16855098261429138}, {"name": "NO2", "size": 1.8185921195445018}, {"name": "Ozone", "size": 4.94907223296181}, {"name": "SO2", "size": 0.1358937099135015}]}, {"name": "Wed", "children": [{"name": "CO", "size": 0.17367706716669803}, {"name": "NO2", "size": 1.8901799723571435}, {"name": "Ozone", "size": 4.81055246210365}, {"name": "SO2", "size": 0.1473474167913534}]}, {"name": "Thurs", "children": [{"name": "CO", "size": 0.17823765316903156}, {"name": "NO2", "size": 1.9338092800807822}, {"name": "Ozone", "size": 4.8097395123830555}, {"name": "SO2", "size": 0.14050203759581756}]}, {"name": "Fri", "children": [{"name": "CO", "size": 0.17930195135737687}, {"name": "NO2", "size": 1.818863531101114}, {"name": "Ozone", "size": 4.884340562485212}, {"name": "SO2", "size": 0.13313174350175272}]}, {"name": "Sat", "children": [{"name": "CO", "size": 0.1626459589060017}, {"name": "NO2", "size": 1.4434374693632883}, {"name": "Ozone", "size": 5.284163388763438}, {"name": "SO2", "size": 0.12061543074941353}]}, {"name": "Sun", "children": [{"name": "CO", "size": 0.15339136237688597}, {"name": "NO2", "size": 1.1956746001877796}, {"name": "Ozone", "size": 5.63414391486122}, {"name": "SO2", "size": 0.11516828074756215}]}]}