{"name": "Summer", "children": [{"name": "Mon", "children": [{"name": "CO", "size": 0.10218360924276307}, {"name": "NO2", "size": 1.0165043147451989}, {"name": "Ozone", "size": 7.101325869000332}, {"name": "SO2", "size": 0.11544106651495444}]}, {"name": "Tues", "children": [{"name": "CO", "size": 0.10573587443837854}, {"name": "NO2", "size": 1.1364168473970215}, {"name": "Ozone", "size": 7.03061436688279}, {"name": "SO2", "size": 0.13024779519601068}]}, {"name": "Wed", "children": [{"name": "CO", "size": 0.1034828430883243}, {"name": "NO2", "size": 1.0452914278991454}, {"name": "Ozone", "size": 7.165065378616733}, {"name": "SO2", "size": 0.12712508190122154}]}, {"name": "Thurs", "children": [{"name": "CO", "size": 0.09965265989614382}, {"name": "NO2", "size": 0.9735778465678945}, {"name": "Ozone", "size": 7.272838869397733}, {"name": "SO2", "size": 0.11701448810923681}]}, {"name": "Fri", "children": [{"name": "CO", "size": 0.10461639039478385}, {"name": "NO2", "size": 0.9889298687573663}, {"name": "Ozone", "size": 7.181034400194873}, {"name": "SO2", "size": 0.10993139399145986}]}, {"name": "Sat", "children": [{"name": "CO", "size": 0.10379749191973536}, {"name": "NO2", "size": 0.8414915688951566}, {"name": "Ozone", "size": 7.170499231013545}, {"name": "SO2", "size": 0.10504151759236782}]}, {"name": "Sun", "children": [{"name": "CO", "size": 0.09872509238680512}, {"name": "NO2", "size": 0.7249455161721841}, {"name": "Ozone", "size": 7.226778572581555}, {"name": "SO2", "size": 0.10670003851579447}]}]}