{"name": "Winter", "children": [{"name": "Mon", "children": [{"name": "CO", "size": 0.15602954046052747}, {"name": "NO2", "size": 1.6385765033059314}, {"name": "Ozone", "size": 4.718106359573958}, {"name": "SO2", "size": 0.09705589586976959}]}, {"name": "Tues", "children": [{"name": "CO", "size": 0.16808644163212938}, {"name": "NO2", "size": 1.8356416163023597}, {"name": "Ozone", "size": 4.423117666959176}, {"name": "SO2", "size": 0.09891884365328352}]}, {"name": "Wed", "children": [{"name": "CO", "size": 0.17362340816425215}, {"name": "NO2", "size": 1.9470202973718946}, {"name": "Ozone", "size": 4.242100350469097}, {"name": "SO2", "size": 0.10639683475141995}]}, {"name": "Thurs", "children": [{"name": "CO", "size": 0.18137059816085482}, {"name": "NO2", "size": 2.0551957493242665}, {"name": "Ozone", "size": 4.123576594834589}, {"name": "SO2", "size": 0.11782022924233918}]}, {"name": "Fri", "children": [{"name": "CO", "size": 0.17067823968174065}, {"name": "NO2", "size": 1.9149492942693047}, {"name": "Ozone", "size": 4.583031515889691}, {"name": "SO2", "size": 0.11468694235470796}]}, {"name": "Sat", "children": [{"name": "CO", "size": 0.16024732721516405}, {"name": "NO2", "size": 1.5707271623230836}, {"name": "Ozone", "size": 5.142129715328825}, {"name": "SO2", "size": 0.11214088967548638}]}, {"name": "Sun", "children": [{"name": "CO", "size": 0.15338264639394025}, {"name": "NO2", "size": 1.340839198921581}, {"name": "Ozone", "size": 5.095551998205845}, {"name": "SO2", "size": 0.10545195897755492}]}]}