County,Hour,Pollutant,Sample,Latitude,Longitude
Alameda,0,CO,0.011827932,37.743065,-122.169935
Alameda,0,NO2,0.095704558,37.687526,-121.784217
Alameda,0,Ozone,0.305085653,37.687526,-121.784217
Alameda,0,SO2,0.008657005,37.814781,-122.282347
Alameda,1,CO,0.011353022,37.743065,-122.169935
Alameda,1,NO2,0.090570815,37.687526,-121.784217
Alameda,1,Ozone,0.303372164,37.687526,-121.784217
Alameda,1,SO2,0.008525604,37.814781,-122.282347
Alameda,2,CO,0.010283341,37.743065,-122.169935
Alameda,2,NO2,0.087010396,37.687526,-121.784217
Alameda,2,Ozone,0.304417234,37.687526,-121.784217
Alameda,2,SO2,0.008506849,37.814781,-122.282347
Alameda,3,CO,0.014473684,37.743065,-122.169935
Alameda,3,NO2,0.10950566,37.743065,-122.169935
Alameda,3,Ozone,0.250459184,37.743065,-122.169935
Alameda,4,CO,0.011746544,37.743065,-122.169935
Alameda,4,NO2,0.10849676,37.687526,-121.784217
Alameda,4,Ozone,0.27149792,37.687526,-121.784217
Alameda,4,SO2,0.009150327,37.814781,-122.282347
Alameda,5,CO,0.013217189,37.743065,-122.169935
Alameda,5,NO2,0.123680239,37.687526,-121.784217
Alameda,5,Ozone,0.260204635,37.687526,-121.784217
Alameda,5,SO2,0.010091351,37.814781,-122.282347
Alameda,6,CO,0.014667598,37.743065,-122.169935
Alameda,6,NO2,0.134344565,37.687526,-121.784217
Alameda,6,Ozone,0.261027637,37.687526,-121.784217
Alameda,6,SO2,0.010662734,37.814781,-122.282347
Alameda,7,CO,0.015520919,37.743065,-122.169935
Alameda,7,NO2,0.137971662,37.687526,-121.784217
Alameda,7,Ozone,0.273461598,37.687526,-121.784217
Alameda,7,SO2,0.012181269,37.814781,-122.282347
Alameda,8,CO,0.014678687,37.743065,-122.169935
Alameda,8,NO2,0.134040739,37.687526,-121.784217
Alameda,8,Ozone,0.300903964,37.687526,-121.784217
Alameda,8,SO2,0.014254902,37.814781,-122.282347
Alameda,9,CO,0.013070449,37.743065,-122.169935
Alameda,9,NO2,0.121379967,37.687526,-121.784217
Alameda,9,Ozone,0.341741556,37.687526,-121.784217
Alameda,9,SO2,0.01656696,37.814781,-122.282347
Alameda,10,CO,0.01213077,37.743065,-122.169935
Alameda,10,NO2,0.1089869,37.687526,-121.784217
Alameda,10,Ozone,0.389334371,37.687526,-121.784217
Alameda,10,SO2,0.016599034,37.814781,-122.282347
Alameda,11,CO,0.01151627,37.743065,-122.169935
Alameda,11,NO2,0.097900979,37.687526,-121.784217
Alameda,11,Ozone,0.436105728,37.687526,-121.784217
Alameda,11,SO2,0.014435453,37.814781,-122.282347
Alameda,12,CO,0.011237481,37.743065,-122.169935
Alameda,12,NO2,0.090547722,37.687526,-121.784217
Alameda,12,Ozone,0.474141929,37.687526,-121.784217
Alameda,12,SO2,0.0136561,37.814781,-122.282347
Alameda,13,CO,0.011061093,37.743065,-122.169935
Alameda,13,NO2,0.087982181,37.687526,-121.784217
Alameda,13,Ozone,0.496028325,37.687526,-121.784217
Alameda,13,SO2,0.013768786,37.814781,-122.282347
Alameda,14,CO,0.011100217,37.743065,-122.169935
Alameda,14,NO2,0.088003757,37.687526,-121.784217
Alameda,14,Ozone,0.497689188,37.687526,-121.784217
Alameda,14,SO2,0.012383142,37.814781,-122.282347
Alameda,15,CO,0.01125728,37.743065,-122.169935
Alameda,15,NO2,0.091600322,37.687526,-121.784217
Alameda,15,Ozone,0.482573727,37.687526,-121.784217
Alameda,15,SO2,0.013329502,37.814781,-122.282347
Alameda,16,CO,0.011524342,37.743065,-122.169935
Alameda,16,NO2,0.097312969,37.687526,-121.784217
Alameda,16,Ozone,0.451258704,37.687526,-121.784217
Alameda,16,SO2,0.011475915,37.814781,-122.282347
Alameda,17,CO,0.011941626,37.743065,-122.169935
Alameda,17,NO2,0.109548767,37.687526,-121.784217
Alameda,17,Ozone,0.406687581,37.687526,-121.784217
Alameda,17,SO2,0.011668593,37.814781,-122.282347
Alameda,18,CO,0.012557714,37.743065,-122.169935
Alameda,18,NO2,0.120415459,37.687526,-121.784217
Alameda,18,Ozone,0.363967828,37.687526,-121.784217
Alameda,18,SO2,0.010562319,37.814781,-122.282347
Alameda,19,CO,0.013064811,37.743065,-122.169935
Alameda,19,NO2,0.123408262,37.687526,-121.784217
Alameda,19,Ozone,0.336667943,37.687526,-121.784217
Alameda,19,SO2,0.009155556,37.814781,-122.282347
Alameda,20,CO,0.013276236,37.743065,-122.169935
Alameda,20,NO2,0.122389485,37.687526,-121.784217
Alameda,20,Ozone,0.320823764,37.687526,-121.784217
Alameda,20,SO2,0.00872657,37.814781,-122.282347
Alameda,21,CO,0.013286171,37.743065,-122.169935
Alameda,21,NO2,0.118657189,37.687526,-121.784217
Alameda,21,Ozone,0.311753003,37.687526,-121.784217
Alameda,21,SO2,0.008591304,37.814781,-122.282347
Alameda,22,CO,0.013064811,37.743065,-122.169935
Alameda,22,NO2,0.112859442,37.687526,-121.784217
Alameda,22,Ozone,0.306588109,37.687526,-121.784217
Alameda,22,SO2,0.008622222,37.814781,-122.282347
Alameda,23,CO,0.012465456,37.743065,-122.169935
Alameda,23,NO2,0.104232421,37.687526,-121.784217
Alameda,23,Ozone,0.305761726,37.687526,-121.784217
Alameda,23,SO2,0.008923671,37.814781,-122.282347
Contra Costa,0,CO,0.008898183,37.936013,-122.026154
Contra Costa,0,NO2,0.059874906,37.936013,-122.026154
Contra Costa,0,Ozone,0.278074581,37.936013,-122.026154
Contra Costa,0,SO2,0.013056373,37.936013,-122.026154
Contra Costa,1,CO,0.008668237,37.936013,-122.026154
Contra Costa,1,NO2,0.056667916,37.936013,-122.026154
Contra Costa,1,Ozone,0.27186698,37.936013,-122.026154
Contra Costa,1,SO2,0.01282674,37.936013,-122.026154
Contra Costa,2,CO,0.008351178,37.936013,-122.026154
Contra Costa,2,NO2,0.054720665,37.936013,-122.026154
Contra Costa,2,Ozone,0.266691664,37.936013,-122.026154
Contra Costa,2,SO2,0.012908504,37.936013,-122.026154
Contra Costa,3,CO,0.008908607,37.936013,-122.026154
Contra Costa,3,NO2,0.050005155,37.936013,-122.026154
Contra Costa,3,Ozone,0.266739927,37.936013,-122.026154
Contra Costa,3,SO2,0.016417178,37.948172,-122.364852
Contra Costa,4,CO,0.008809744,37.936013,-122.026154
Contra Costa,4,NO2,0.064207262,37.936013,-122.026154
Contra Costa,4,Ozone,0.235584808,37.936013,-122.026154
Contra Costa,4,SO2,0.017210555,37.936013,-122.026154
Contra Costa,5,CO,0.009469237,37.936013,-122.026154
Contra Costa,5,NO2,0.078003776,37.936013,-122.026154
Contra Costa,5,Ozone,0.219004525,37.936013,-122.026154
Contra Costa,5,SO2,0.014720123,37.936013,-122.026154
Contra Costa,6,CO,0.010323774,37.936013,-122.026154
Contra Costa,6,NO2,0.085811036,37.936013,-122.026154
Contra Costa,6,Ozone,0.220685197,37.936013,-122.026154
Contra Costa,6,SO2,0.014661747,37.936013,-122.026154
Contra Costa,7,CO,0.01077551,37.936013,-122.026154
Contra Costa,7,NO2,0.083506015,37.936013,-122.026154
Contra Costa,7,Ozone,0.248388829,37.936013,-122.026154
Contra Costa,7,SO2,0.015623537,37.936013,-122.026154
Contra Costa,8,CO,0.010201058,37.936013,-122.026154
Contra Costa,8,NO2,0.072099924,37.936013,-122.026154
Contra Costa,8,Ozone,0.298833819,37.936013,-122.026154
Contra Costa,8,SO2,0.01664186,37.936013,-122.026154
Contra Costa,9,CO,0.00948317,37.936013,-122.026154
Contra Costa,9,NO2,0.061379545,37.936013,-122.026154
Contra Costa,9,Ozone,0.35797556,37.936013,-122.026154
Contra Costa,9,SO2,0.017422428,37.936013,-122.026154
Contra Costa,10,CO,0.008955738,37.936013,-122.026154
Contra Costa,10,NO2,0.053384207,37.936013,-122.026154
Contra Costa,10,Ozone,0.417857143,37.936013,-122.026154
Contra Costa,10,SO2,0.018066111,37.936013,-122.026154
Contra Costa,11,CO,0.008761905,37.936013,-122.026154
Contra Costa,11,NO2,0.048404094,37.936013,-122.026154
Contra Costa,11,Ozone,0.470683511,37.936013,-122.026154
Contra Costa,11,SO2,0.018687645,37.936013,-122.026154
Contra Costa,12,CO,0.008523941,37.936013,-122.026154
Contra Costa,12,NO2,0.043571104,37.936013,-122.026154
Contra Costa,12,Ozone,0.512947777,37.936013,-122.026154
Contra Costa,12,SO2,0.018558742,37.936013,-122.026154
Contra Costa,13,CO,0.008371481,37.936013,-122.026154
Contra Costa,13,NO2,0.040714178,37.936013,-122.026154
Contra Costa,13,Ozone,0.538166954,37.936013,-122.026154
Contra Costa,13,SO2,0.018560271,37.936013,-122.026154
Contra Costa,14,CO,0.008372398,37.936013,-122.026154
Contra Costa,14,NO2,0.039530781,37.936013,-122.026154
Contra Costa,14,Ozone,0.543220974,37.936013,-122.026154
Contra Costa,14,SO2,0.017844455,37.936013,-122.026154
Contra Costa,15,CO,0.00840921,37.936013,-122.026154
Contra Costa,15,NO2,0.040552474,37.936013,-122.026154
Contra Costa,15,Ozone,0.53034645,37.936013,-122.026154
Contra Costa,15,SO2,0.01735476,37.936013,-122.026154
Contra Costa,16,CO,0.008639394,37.936013,-122.026154
Contra Costa,16,NO2,0.045961798,37.936013,-122.026154
Contra Costa,16,Ozone,0.498450689,37.936013,-122.026154
Contra Costa,16,SO2,0.016900107,37.936013,-122.026154
Contra Costa,17,CO,0.009287675,37.936013,-122.026154
Contra Costa,17,NO2,0.059411985,37.936013,-122.026154
Contra Costa,17,Ozone,0.443263169,37.936013,-122.026154
Contra Costa,17,SO2,0.016363358,37.936013,-122.026154
Contra Costa,18,CO,0.009810482,37.936013,-122.026154
Contra Costa,18,NO2,0.070882397,37.936013,-122.026154
Contra Costa,18,Ozone,0.388609894,37.936013,-122.026154
Contra Costa,18,SO2,0.015804444,37.936013,-122.026154
Contra Costa,19,CO,0.009975167,37.936013,-122.026154
Contra Costa,19,NO2,0.075587266,37.936013,-122.026154
Contra Costa,19,Ozone,0.346660968,37.936013,-122.026154
Contra Costa,19,SO2,0.015089236,37.936013,-122.026154
Contra Costa,20,CO,0.009907202,37.936013,-122.026154
Contra Costa,20,NO2,0.075307116,37.936013,-122.026154
Contra Costa,20,Ozone,0.321252271,37.936013,-122.026154
Contra Costa,20,SO2,0.014931738,37.936013,-122.026154
Contra Costa,21,CO,0.009911041,37.936013,-122.026154
Contra Costa,21,NO2,0.073894303,37.936013,-122.026154
Contra Costa,21,Ozone,0.302170659,37.936013,-122.026154
Contra Costa,21,SO2,0.014453751,37.936013,-122.026154
Contra Costa,22,CO,0.009580447,37.936013,-122.026154
Contra Costa,22,NO2,0.069050187,37.936013,-122.026154
Contra Costa,22,Ozone,0.29348221,37.936013,-122.026154
Contra Costa,22,SO2,0.013867525,37.936013,-122.026154
Contra Costa,23,CO,0.009248464,37.936013,-122.026154
Contra Costa,23,NO2,0.064194757,37.936013,-122.026154
Contra Costa,23,Ozone,0.285297263,37.936013,-122.026154
Contra Costa,23,SO2,0.013378064,37.936013,-122.026154
Fresno,0,CO,0.009081807,36.785322,-119.774174
Fresno,0,NO2,0.103177387,36.705506,-119.741966
Fresno,0,Ozone,0.295296721,36.705506,-119.741966
Fresno,0,SO2,0.003757576,36.785322,-119.774174
Fresno,1,CO,0.008614616,36.785322,-119.774174
Fresno,1,NO2,0.098498494,36.705506,-119.741966
Fresno,1,Ozone,0.259584128,36.705506,-119.741966
Fresno,1,SO2,0.003164835,36.785322,-119.774174
Fresno,2,CO,0.008294217,36.785322,-119.774174
Fresno,2,NO2,0.097099849,36.705506,-119.741966
Fresno,2,Ozone,0.252689873,36.705506,-119.741966
Fresno,2,SO2,0.003088319,36.785322,-119.774174
Fresno,3,CO,0.0062202,36.785322,-119.774174
Fresno,3,NO2,0.09990367,36.705506,-119.741966
Fresno,3,Ozone,0.272648959,36.705506,-119.741966
Fresno,3,SO2,0.002735043,36.785322,-119.774174
Fresno,4,CO,0.008837502,36.785322,-119.774174
Fresno,4,NO2,0.1154,36.705506,-119.741966
Fresno,4,Ozone,0.211882918,36.705506,-119.741966
Fresno,4,SO2,0.002456722,36.785322,-119.774174
Fresno,5,CO,0.008750245,36.785322,-119.774174
Fresno,5,NO2,0.123521287,36.705506,-119.741966
Fresno,5,Ozone,0.18700629,36.705506,-119.741966
Fresno,5,SO2,0.002831956,36.785322,-119.774174
Fresno,6,CO,0.009760127,36.785322,-119.774174
Fresno,6,NO2,0.125074715,36.705506,-119.741966
Fresno,6,Ozone,0.209461451,36.705506,-119.741966
Fresno,6,SO2,0.005157025,36.785322,-119.774174
Fresno,7,CO,0.009853333,36.785322,-119.774174
Fresno,7,NO2,0.116674465,36.705506,-119.741966
Fresno,7,Ozone,0.284100371,36.705506,-119.741966
Fresno,7,SO2,0.008051565,36.785322,-119.774174
Fresno,8,CO,0.008764401,36.785322,-119.774174
Fresno,8,NO2,0.105530373,36.705506,-119.741966
Fresno,8,Ozone,0.384656945,36.705506,-119.741966
Fresno,8,SO2,0.00889013,36.785322,-119.774174
Fresno,9,CO,0.007751671,36.785322,-119.774174
Fresno,9,NO2,0.09605432,36.705506,-119.741966
Fresno,9,Ozone,0.489915622,36.705506,-119.741966
Fresno,9,SO2,0.008998117,36.785322,-119.774174
Fresno,10,CO,0.007226195,36.785322,-119.774174
Fresno,10,NO2,0.089187663,36.705506,-119.741966
Fresno,10,Ozone,0.58313933,36.705506,-119.741966
Fresno,10,SO2,0.009670455,36.785322,-119.774174
Fresno,11,CO,0.006914258,36.785322,-119.774174
Fresno,11,NO2,0.081881675,36.705506,-119.741966
Fresno,11,Ozone,0.662000705,36.705506,-119.741966
Fresno,11,SO2,0.009683616,36.785322,-119.774174
Fresno,12,CO,0.006694448,36.785322,-119.774174
Fresno,12,NO2,0.075422071,36.705506,-119.741966
Fresno,12,Ozone,0.713993334,36.705506,-119.741966
Fresno,12,SO2,0.008797753,36.785322,-119.774174
Fresno,13,CO,0.006553294,36.785322,-119.774174
Fresno,13,NO2,0.072849869,36.705506,-119.741966
Fresno,13,Ozone,0.742704793,36.705506,-119.741966
Fresno,13,SO2,0.008405959,36.785322,-119.774174
Fresno,14,CO,0.006469341,36.785322,-119.774174
Fresno,14,NO2,0.071955115,36.705506,-119.741966
Fresno,14,Ozone,0.756590049,36.705506,-119.741966
Fresno,14,SO2,0.007888889,36.785322,-119.774174
Fresno,15,CO,0.006442871,36.785322,-119.774174
Fresno,15,NO2,0.073438606,36.705506,-119.741966
Fresno,15,Ozone,0.756122861,36.705506,-119.741966
Fresno,15,SO2,0.007346479,36.785322,-119.774174
Fresno,16,CO,0.006809488,36.785322,-119.774174
Fresno,16,NO2,0.079991765,36.705506,-119.741966
Fresno,16,Ozone,0.727626636,36.705506,-119.741966
Fresno,16,SO2,0.006734082,36.785322,-119.774174
Fresno,17,CO,0.00787906,36.785322,-119.774174
Fresno,17,NO2,0.101868149,36.705506,-119.741966
Fresno,17,Ozone,0.652222787,36.705506,-119.741966
Fresno,17,SO2,0.006152433,36.785322,-119.774174
Fresno,18,CO,0.009084502,36.785322,-119.774174
Fresno,18,NO2,0.12932981,36.705506,-119.741966
Fresno,18,Ozone,0.56310088,36.705506,-119.741966
Fresno,18,SO2,0.005835165,36.785322,-119.774174
Fresno,19,CO,0.010011344,36.785322,-119.774174
Fresno,19,NO2,0.143678143,36.705506,-119.741966
Fresno,19,Ozone,0.481022021,36.705506,-119.741966
Fresno,19,SO2,0.005952381,36.785322,-119.774174
Fresno,20,CO,0.010523474,36.785322,-119.774174
Fresno,20,NO2,0.143577472,36.705506,-119.741966
Fresno,20,Ozone,0.421784584,36.705506,-119.741966
Fresno,20,SO2,0.00584022,36.785322,-119.774174
Fresno,21,CO,0.010482381,36.785322,-119.774174
Fresno,21,NO2,0.134527651,36.705506,-119.741966
Fresno,21,Ozone,0.382107524,36.705506,-119.741966
Fresno,21,SO2,0.005428834,36.785322,-119.774174
Fresno,22,CO,0.010169416,36.785322,-119.774174
Fresno,22,NO2,0.122784383,36.705506,-119.741966
Fresno,22,Ozone,0.350704385,36.705506,-119.741966
Fresno,22,SO2,0.005109275,36.785322,-119.774174
Fresno,23,CO,0.009599788,36.785322,-119.774174
Fresno,23,NO2,0.111770508,36.705506,-119.741966
Fresno,23,Ozone,0.32157007,36.705506,-119.741966
Fresno,23,SO2,0.004525253,36.785322,-119.774174
Humboldt,0,CO,0.006576169,40.776944,-124.1775
Humboldt,0,NO2,0.013241908,40.776944,-124.1775
Humboldt,0,Ozone,0.315490534,40.776944,-124.1775
Humboldt,0,SO2,0.003422427,40.776944,-124.1775
Humboldt,1,CO,0.006447761,40.776944,-124.1775
Humboldt,1,NO2,0.012483871,40.776944,-124.1775
Humboldt,1,Ozone,0.321749084,40.776944,-124.1775
Humboldt,1,SO2,0.003370956,40.776944,-124.1775
Humboldt,2,CO,0.006318269,40.776944,-124.1775
Humboldt,2,NO2,0.012270869,40.776944,-124.1775
Humboldt,2,Ozone,0.305991471,40.776944,-124.1775
Humboldt,2,SO2,0.00342003,40.776944,-124.1775
Humboldt,3,CO,0.006200522,40.776944,-124.1775
Humboldt,3,NO2,0.012714765,40.776944,-124.1775
Humboldt,3,Ozone,0.311010144,40.776944,-124.1775
Humboldt,3,SO2,0.003372549,40.776944,-124.1775
Humboldt,4,CO,0.006092818,40.776944,-124.1775
Humboldt,4,NO2,0.014699769,40.776944,-124.1775
Humboldt,4,Ozone,0.3003207,40.776944,-124.1775
Humboldt,4,SO2,0.003292278,40.776944,-124.1775
Humboldt,5,CO,0.006197513,40.776944,-124.1775
Humboldt,5,NO2,0.015768566,40.776944,-124.1775
Humboldt,5,Ozone,0.307438017,40.776944,-124.1775
Humboldt,5,SO2,0.003101307,40.776944,-124.1775
Humboldt,6,CO,0.006526361,40.776944,-124.1775
Humboldt,6,NO2,0.023111975,40.776944,-124.1775
Humboldt,6,Ozone,0.294727891,40.776944,-124.1775
Humboldt,6,SO2,0.003403283,40.776944,-124.1775
Humboldt,7,CO,0.00693085,40.776944,-124.1775
Humboldt,7,NO2,0.026250362,40.776944,-124.1775
Humboldt,7,Ozone,0.290614503,40.776944,-124.1775
Humboldt,7,SO2,0.003507415,40.776944,-124.1775
Humboldt,8,CO,0.006962785,40.776944,-124.1775
Humboldt,8,NO2,0.024507331,40.776944,-124.1775
Humboldt,8,Ozone,0.308479649,40.776944,-124.1775
Humboldt,8,SO2,0.003633987,40.776944,-124.1775
Humboldt,9,CO,0.006789291,40.776944,-124.1775
Humboldt,9,NO2,0.021228358,40.776944,-124.1775
Humboldt,9,Ozone,0.33566377,40.776944,-124.1775
Humboldt,9,SO2,0.003683434,40.776944,-124.1775
Humboldt,10,CO,0.006526489,40.776944,-124.1775
Humboldt,10,NO2,0.018365008,40.776944,-124.1775
Humboldt,10,Ozone,0.362978723,40.776944,-124.1775
Humboldt,10,SO2,0.003582329,40.776944,-124.1775
Humboldt,11,CO,0.006316445,40.776944,-124.1775
Humboldt,11,NO2,0.015916793,40.776944,-124.1775
Humboldt,11,Ozone,0.386427552,40.776944,-124.1775
Humboldt,11,SO2,0.003468857,40.776944,-124.1775
Humboldt,12,CO,0.006158913,40.776944,-124.1775
Humboldt,12,NO2,0.013760181,40.776944,-124.1775
Humboldt,12,Ozone,0.403859366,40.776944,-124.1775
Humboldt,12,SO2,0.003471545,40.776944,-124.1775
Humboldt,13,CO,0.006068852,40.776944,-124.1775
Humboldt,13,NO2,0.013396369,40.776944,-124.1775
Humboldt,13,Ozone,0.417300688,40.776944,-124.1775
Humboldt,13,SO2,0.003414966,40.776944,-124.1775
Humboldt,14,CO,0.006072446,40.776944,-124.1775
Humboldt,14,NO2,0.012796407,40.776944,-124.1775
Humboldt,14,Ozone,0.423181358,40.776944,-124.1775
Humboldt,14,SO2,0.003482385,40.776944,-124.1775
Humboldt,15,CO,0.006071429,40.776944,-124.1775
Humboldt,15,NO2,0.014030928,40.776944,-124.1775
Humboldt,15,Ozone,0.422483424,40.776944,-124.1775
Humboldt,15,SO2,0.003558249,40.776944,-124.1775
Humboldt,16,CO,0.006277666,40.776944,-124.1775
Humboldt,16,NO2,0.017463343,40.776944,-124.1775
Humboldt,16,Ozone,0.416289321,40.776944,-124.1775
Humboldt,16,SO2,0.003453465,40.776944,-124.1775
Humboldt,17,CO,0.006579727,40.776944,-124.1775
Humboldt,17,NO2,0.022008523,40.776944,-124.1775
Humboldt,17,Ozone,0.402853207,40.776944,-124.1775
Humboldt,17,SO2,0.003491436,40.776944,-124.1775
Humboldt,18,CO,0.00682802,40.776944,-124.1775
Humboldt,18,NO2,0.023568794,40.776944,-124.1775
Humboldt,18,Ozone,0.388579278,40.776944,-124.1775
Humboldt,18,SO2,0.003428941,40.776944,-124.1775
Humboldt,19,CO,0.007085556,40.776944,-124.1775
Humboldt,19,NO2,0.023683381,40.776944,-124.1775
Humboldt,19,Ozone,0.370956316,40.776944,-124.1775
Humboldt,19,SO2,0.003439424,40.776944,-124.1775
Humboldt,20,CO,0.007115156,40.776944,-124.1775
Humboldt,20,NO2,0.022645349,40.776944,-124.1775
Humboldt,20,Ozone,0.355901478,40.776944,-124.1775
Humboldt,20,SO2,0.003465054,40.776944,-124.1775
Humboldt,21,CO,0.006846011,40.776944,-124.1775
Humboldt,21,NO2,0.022997085,40.776944,-124.1775
Humboldt,21,Ozone,0.350632386,40.776944,-124.1775
Humboldt,21,SO2,0.003301587,40.776944,-124.1775
Humboldt,22,CO,0.006806865,40.776944,-124.1775
Humboldt,22,NO2,0.02110084,40.776944,-124.1775
Humboldt,22,Ozone,0.310399704,40.776944,-124.1775
Humboldt,22,SO2,0.003576577,40.776944,-124.1775
Humboldt,23,CO,0.006928079,40.776944,-124.1775
Humboldt,23,NO2,0.017972414,40.776944,-124.1775
Humboldt,23,Ozone,0.312231559,40.776944,-124.1775
Humboldt,23,SO2,0.003484058,40.776944,-124.1775
Imperial,0,CO,0.007222201,32.676186,-115.484144
Imperial,0,NO2,0.072548697,32.676186,-115.484144
Imperial,0,Ozone,0.322501967,32.676186,-115.484144
Imperial,0,SO2,0.005786301,32.676186,-115.484144
Imperial,1,CO,0.006626464,32.676186,-115.484144
Imperial,1,NO2,0.063508916,32.676186,-115.484144
Imperial,1,Ozone,0.312297844,32.676186,-115.484144
Imperial,1,SO2,0.005216438,32.676186,-115.484144
Imperial,2,CO,0.006516628,32.676186,-115.484144
Imperial,2,NO2,0.061153635,32.676186,-115.484144
Imperial,2,Ozone,0.299179499,32.676186,-115.484144
Imperial,2,SO2,0.005055708,32.676186,-115.484144
Imperial,3,CO,0.006629977,32.676186,-115.484144
Imperial,3,NO2,0.066484225,32.676186,-115.484144
Imperial,3,Ozone,0.281502695,32.676186,-115.484144
Imperial,3,SO2,0.004748858,32.676186,-115.484144
Imperial,4,CO,0.023978571,32.676186,-115.484144
Imperial,4,NO2,0.0942,32.676186,-115.484144
Imperial,4,Ozone,0.21038961,32.676186,-115.484144
Imperial,4,SO2,0.004,32.676186,-115.484144
Imperial,5,CO,0.010465293,32.676186,-115.484144
Imperial,5,NO2,0.109020576,32.676186,-115.484144
Imperial,5,Ozone,0.22484521,32.676186,-115.484144
Imperial,5,SO2,0.006955251,32.676186,-115.484144
Imperial,6,CO,0.011837564,32.676186,-115.484144
Imperial,6,NO2,0.12437037,32.676186,-115.484144
Imperial,6,Ozone,0.240866142,32.676186,-115.484144
Imperial,6,SO2,0.009742466,32.676186,-115.484144
Imperial,7,CO,0.011038142,32.676186,-115.484144
Imperial,7,NO2,0.120489655,32.676186,-115.484144
Imperial,7,Ozone,0.310488959,32.676186,-115.484144
Imperial,7,SO2,0.012481175,32.676186,-115.484144
Imperial,8,CO,0.007882801,32.676186,-115.484144
Imperial,8,NO2,0.092292649,32.676186,-115.484144
Imperial,8,Ozone,0.410685986,32.676186,-115.484144
Imperial,8,SO2,0.012734619,32.676186,-115.484144
Imperial,9,CO,0.00551768,32.676186,-115.484144
Imperial,9,NO2,0.065358832,32.676186,-115.484144
Imperial,9,Ozone,0.500786056,32.676186,-115.484144
Imperial,9,SO2,0.013044444,32.676186,-115.484144
Imperial,10,CO,0.004343757,32.676186,-115.484144
Imperial,10,NO2,0.049619247,32.676186,-115.484144
Imperial,10,Ozone,0.568704212,32.676186,-115.484144
Imperial,10,SO2,0.013177778,32.676186,-115.484144
Imperial,11,CO,0.003814119,32.676186,-115.484144
Imperial,11,NO2,0.040216783,32.676186,-115.484144
Imperial,11,Ozone,0.616672376,32.676186,-115.484144
Imperial,11,SO2,0.012836601,32.676186,-115.484144
Imperial,12,CO,0.003585263,32.676186,-115.484144
Imperial,12,NO2,0.035962396,32.676186,-115.484144
Imperial,12,Ozone,0.641706539,32.676186,-115.484144
Imperial,12,SO2,0.012937037,32.676186,-115.484144
Imperial,13,CO,0.003431762,32.676186,-115.484144
Imperial,13,NO2,0.034778711,32.676186,-115.484144
Imperial,13,Ozone,0.651062857,32.676186,-115.484144
Imperial,13,SO2,0.011996276,32.676186,-115.484144
Imperial,14,CO,0.003409983,32.676186,-115.484144
Imperial,14,NO2,0.034769663,32.676186,-115.484144
Imperial,14,Ozone,0.655263158,32.676186,-115.484144
Imperial,14,SO2,0.010681523,32.676186,-115.484144
Imperial,15,CO,0.003461312,32.676186,-115.484144
Imperial,15,NO2,0.035972106,32.676186,-115.484144
Imperial,15,Ozone,0.650113199,32.676186,-115.484144
Imperial,15,SO2,0.01033795,32.676186,-115.484144
Imperial,16,CO,0.003978501,32.676186,-115.484144
Imperial,16,NO2,0.050365145,32.676186,-115.484144
Imperial,16,Ozone,0.616556143,32.676186,-115.484144
Imperial,16,SO2,0.00917539,32.676186,-115.484144
Imperial,17,CO,0.005715367,32.676186,-115.484144
Imperial,17,NO2,0.094969739,32.676186,-115.484144
Imperial,17,Ozone,0.528133423,32.676186,-115.484144
Imperial,17,SO2,0.008322344,32.676186,-115.484144
Imperial,18,CO,0.00828426,32.676186,-115.484144
Imperial,18,NO2,0.134759285,32.676186,-115.484144
Imperial,18,Ozone,0.425898473,32.676186,-115.484144
Imperial,18,SO2,0.00813516,32.676186,-115.484144
Imperial,19,CO,0.009975076,32.676186,-115.484144
Imperial,19,NO2,0.149422497,32.676186,-115.484144
Imperial,19,Ozone,0.363662889,32.676186,-115.484144
Imperial,19,SO2,0.009446575,32.676186,-115.484144
Imperial,20,CO,0.010425287,32.676186,-115.484144
Imperial,20,NO2,0.140453297,32.676186,-115.484144
Imperial,20,Ozone,0.34375491,32.676186,-115.484144
Imperial,20,SO2,0.00985348,32.676186,-115.484144
Imperial,21,CO,0.010057424,32.676186,-115.484144
Imperial,21,NO2,0.127164835,32.676186,-115.484144
Imperial,21,Ozone,0.337848158,32.676186,-115.484144
Imperial,21,SO2,0.009098901,32.676186,-115.484144
Imperial,22,CO,0.009092542,32.676186,-115.484144
Imperial,22,NO2,0.106034294,32.676186,-115.484144
Imperial,22,Ozone,0.335248569,32.676186,-115.484144
Imperial,22,SO2,0.007810046,32.676186,-115.484144
Imperial,23,CO,0.008149591,32.676186,-115.484144
Imperial,23,NO2,0.086861454,32.676186,-115.484144
Imperial,23,Ozone,0.330963612,32.676186,-115.484144
Imperial,23,SO2,0.006677626,32.676186,-115.484144
Los Angeles,0,CO,0.0118982,34.1365,-117.92391
Los Angeles,0,NO2,0.169113174,34.1365,-117.92391
Los Angeles,0,Ozone,0.252693718,34.1365,-117.92391
Los Angeles,0,SO2,0.005952559,34.06659,-118.22688
Los Angeles,1,CO,0.01096159,34.1365,-117.92391
Los Angeles,1,NO2,0.163794199,34.1365,-117.92391
Los Angeles,1,Ozone,0.241882346,34.1365,-117.92391
Los Angeles,1,SO2,0.005259259,34.06659,-118.22688
Los Angeles,2,CO,0.010516294,34.1365,-117.92391
Los Angeles,2,NO2,0.15755169,34.1365,-117.92391
Los Angeles,2,Ozone,0.233883579,34.1365,-117.92391
Los Angeles,2,SO2,0.005225926,34.06659,-118.22688
Los Angeles,3,CO,0.010259103,34.1365,-117.92391
Los Angeles,3,NO2,0.163799255,34.1365,-117.92391
Los Angeles,3,Ozone,0.219804236,34.1365,-117.92391
Los Angeles,3,SO2,0.005673036,34.06659,-118.22688
Los Angeles,4,CO,0.011791943,34.1365,-117.92391
Los Angeles,4,NO2,0.177208384,34.1365,-117.92391
Los Angeles,4,Ozone,0.198917852,34.1365,-117.92391
Los Angeles,4,SO2,0.005527544,34.06659,-118.22688
Los Angeles,5,CO,0.012876323,34.1365,-117.92391
Los Angeles,5,NO2,0.185917906,34.1365,-117.92391
Los Angeles,5,Ozone,0.181051479,34.1365,-117.92391
Los Angeles,5,SO2,0.006551852,34.06659,-118.22688
Los Angeles,6,CO,0.014636154,34.1365,-117.92391
Los Angeles,6,NO2,0.196364107,34.1365,-117.92391
Los Angeles,6,Ozone,0.195880978,34.1365,-117.92391
Los Angeles,6,SO2,0.007614815,34.06659,-118.22688
Los Angeles,7,CO,0.014687237,34.1365,-117.92391
Los Angeles,7,NO2,0.195507667,34.1365,-117.92391
Los Angeles,7,Ozone,0.251005684,34.1365,-117.92391
Los Angeles,7,SO2,0.009161331,34.06659,-118.22688
Los Angeles,8,CO,0.01255784,34.1365,-117.92391
Los Angeles,8,NO2,0.183982168,34.1365,-117.92391
Los Angeles,8,Ozone,0.332543523,34.1365,-117.92391
Los Angeles,8,SO2,0.01052149,34.06659,-118.22688
Los Angeles,9,CO,0.010341634,34.1365,-117.92391
Los Angeles,9,NO2,0.164766363,34.1365,-117.92391
Los Angeles,9,Ozone,0.428292806,34.1365,-117.92391
Los Angeles,9,SO2,0.011712801,34.06659,-118.22688
Los Angeles,10,CO,0.008969488,34.1365,-117.92391
Los Angeles,10,NO2,0.143137909,34.1365,-117.92391
Los Angeles,10,Ozone,0.527026597,34.1365,-117.92391
Los Angeles,10,SO2,0.012133072,34.06659,-118.22688
Los Angeles,11,CO,0.008148107,34.1365,-117.92391
Los Angeles,11,NO2,0.1239925,34.1365,-117.92391
Los Angeles,11,Ozone,0.616819455,34.1365,-117.92391
Los Angeles,11,SO2,0.012618395,34.06659,-118.22688
Los Angeles,12,CO,0.007583651,34.1365,-117.92391
Los Angeles,12,NO2,0.112097566,34.1365,-117.92391
Los Angeles,12,Ozone,0.681332242,34.1365,-117.92391
Los Angeles,12,SO2,0.0124376,34.06659,-118.22688
Los Angeles,13,CO,0.007225785,34.1365,-117.92391
Los Angeles,13,NO2,0.105627191,34.1365,-117.92391
Los Angeles,13,Ozone,0.716377218,34.1365,-117.92391
Los Angeles,13,SO2,0.01120202,34.06659,-118.22688
Los Angeles,14,CO,0.006992214,34.1365,-117.92391
Los Angeles,14,NO2,0.102584516,34.1365,-117.92391
Los Angeles,14,Ozone,0.717296494,34.1365,-117.92391
Los Angeles,14,SO2,0.010178069,34.06659,-118.22688
Los Angeles,15,CO,0.006995435,34.1365,-117.92391
Los Angeles,15,NO2,0.104628709,34.1365,-117.92391
Los Angeles,15,Ozone,0.686899644,34.1365,-117.92391
Los Angeles,15,SO2,0.008880643,34.06659,-118.22688
Los Angeles,16,CO,0.007268501,34.1365,-117.92391
Los Angeles,16,NO2,0.115111222,34.1365,-117.92391
Los Angeles,16,Ozone,0.627981918,34.1365,-117.92391
Los Angeles,16,SO2,0.007650233,34.06659,-118.22688
Los Angeles,17,CO,0.007908731,34.1365,-117.92391
Los Angeles,17,NO2,0.13322903,34.1365,-117.92391
Los Angeles,17,Ozone,0.549650605,34.1365,-117.92391
Los Angeles,17,SO2,0.006618868,34.06659,-118.22688
Los Angeles,18,CO,0.008811077,34.1365,-117.92391
Los Angeles,18,NO2,0.153021028,34.1365,-117.92391
Los Angeles,18,Ozone,0.466891543,34.1365,-117.92391
Los Angeles,18,SO2,0.005732075,34.06659,-118.22688
Los Angeles,19,CO,0.009570706,34.1365,-117.92391
Los Angeles,19,NO2,0.164223676,34.1365,-117.92391
Los Angeles,19,Ozone,0.402337828,34.1365,-117.92391
Los Angeles,19,SO2,0.00541303,34.06659,-118.22688
Los Angeles,20,CO,0.010441894,34.1365,-117.92391
Los Angeles,20,NO2,0.172789087,34.1365,-117.92391
Los Angeles,20,Ozone,0.349725744,34.1365,-117.92391
Los Angeles,20,SO2,0.005655955,34.06659,-118.22688
Los Angeles,21,CO,0.011164875,34.1365,-117.92391
Los Angeles,21,NO2,0.177889573,34.1365,-117.92391
Los Angeles,21,Ozone,0.311880248,34.1365,-117.92391
Los Angeles,21,SO2,0.00545202,34.06659,-118.22688
Los Angeles,22,CO,0.011904319,34.1365,-117.92391
Los Angeles,22,NO2,0.182159642,34.1365,-117.92391
Los Angeles,22,Ozone,0.265263437,34.1365,-117.92391
Los Angeles,22,SO2,0.005889833,34.06659,-118.22688
Los Angeles,23,CO,0.012149374,34.1365,-117.92391
Los Angeles,23,NO2,0.181429836,34.1365,-117.92391
Los Angeles,23,Ozone,0.2542128,34.1365,-117.92391
Los Angeles,23,SO2,0.005704675,34.06659,-118.22688
Orange,0,CO,0.012136349,33.83062,-117.93845
Orange,0,NO2,0.15543817,33.83062,-117.93845
Orange,0,Ozone,0.279162939,33.83062,-117.93845
Orange,0,SO2,0.000886297,33.67464,-117.92568
Orange,1,CO,0.011015335,33.83062,-117.93845
Orange,1,NO2,0.14831108,33.83062,-117.93845
Orange,1,Ozone,0.27459769,33.83062,-117.93845
Orange,1,SO2,0.000587695,33.67464,-117.92568
Orange,2,CO,0.010460489,33.83062,-117.93845
Orange,2,NO2,0.143221038,33.83062,-117.93845
Orange,2,Ozone,0.267753408,33.83062,-117.93845
Orange,2,SO2,0.000640884,33.67464,-117.92568
Orange,3,CO,0.010443205,33.83062,-117.93845
Orange,3,NO2,0.152078619,33.83062,-117.93845
Orange,3,Ozone,0.265252832,33.83062,-117.93845
Orange,3,SO2,0.000538562,33.67464,-117.92568
Orange,4,CO,0.014127635,33.83062,-117.93845
Orange,4,NO2,0.170182243,33.83062,-117.93845
Orange,4,Ozone,0.218459821,33.83062,-117.93845
Orange,4,SO2,0.000855457,33.67464,-117.92568
Orange,5,CO,0.013619957,33.83062,-117.93845
Orange,5,NO2,0.17974539,33.83062,-117.93845
Orange,5,Ozone,0.22648974,33.83062,-117.93845
Orange,5,SO2,0.000803653,33.67464,-117.92568
Orange,6,CO,0.016316424,33.83062,-117.93845
Orange,6,NO2,0.19164194,33.83062,-117.93845
Orange,6,Ozone,0.232721136,33.83062,-117.93845
Orange,6,SO2,0.001798535,33.67464,-117.92568
Orange,7,CO,0.016666128,33.83062,-117.93845
Orange,7,NO2,0.192418521,33.83062,-117.93845
Orange,7,Ozone,0.277867625,33.83062,-117.93845
Orange,7,SO2,0.002710744,33.67464,-117.92568
Orange,8,CO,0.014111558,33.83062,-117.93845
Orange,8,NO2,0.179804237,33.83062,-117.93845
Orange,8,Ozone,0.355299868,33.83062,-117.93845
Orange,8,SO2,0.00353122,33.67464,-117.92568
Orange,9,CO,0.011583869,33.83062,-117.93845
Orange,9,NO2,0.159448404,33.83062,-117.93845
Orange,9,Ozone,0.452059342,33.83062,-117.93845
Orange,9,SO2,0.002891519,33.67464,-117.92568
Orange,10,CO,0.010512193,33.83062,-117.93845
Orange,10,NO2,0.141976119,33.83062,-117.93845
Orange,10,Ozone,0.546629742,33.83062,-117.93845
Orange,10,SO2,0.002343313,33.67464,-117.92568
Orange,11,CO,0.009805955,33.83062,-117.93845
Orange,11,NO2,0.129646142,33.83062,-117.93845
Orange,11,Ozone,0.620622287,33.83062,-117.93845
Orange,11,SO2,0.002240631,33.67464,-117.92568
Orange,12,CO,0.009365634,33.83062,-117.93845
Orange,12,NO2,0.121241888,33.83062,-117.93845
Orange,12,Ozone,0.668123974,33.83062,-117.93845
Orange,12,SO2,0.002207715,33.67464,-117.92568
Orange,13,CO,0.009160735,33.83062,-117.93845
Orange,13,NO2,0.116609524,33.83062,-117.93845
Orange,13,Ozone,0.685887879,33.83062,-117.93845
Orange,13,SO2,0.002084066,33.67464,-117.92568
Orange,14,CO,0.009329948,33.83062,-117.93845
Orange,14,NO2,0.11756087,33.83062,-117.93845
Orange,14,Ozone,0.680194116,33.83062,-117.93845
Orange,14,SO2,0.00199809,33.67464,-117.92568
Orange,15,CO,0.009495179,33.83062,-117.93845
Orange,15,NO2,0.121970525,33.83062,-117.93845
Orange,15,Ozone,0.65679198,33.83062,-117.93845
Orange,15,SO2,0.001882353,33.67464,-117.92568
Orange,16,CO,0.009760296,33.83062,-117.93845
Orange,16,NO2,0.131788311,33.83062,-117.93845
Orange,16,Ozone,0.607003775,33.83062,-117.93845
Orange,16,SO2,0.001477778,33.67464,-117.92568
Orange,17,CO,0.010615901,33.83062,-117.93845
Orange,17,NO2,0.152559178,33.83062,-117.93845
Orange,17,Ozone,0.530952381,33.83062,-117.93845
Orange,17,SO2,0.001093923,33.67464,-117.92568
Orange,18,CO,0.011415795,33.83062,-117.93845
Orange,18,NO2,0.173181625,33.83062,-117.93845
Orange,18,Ozone,0.448236453,33.83062,-117.93845
Orange,18,SO2,0.001018315,33.67464,-117.92568
Orange,19,CO,0.012289388,33.83062,-117.93845
Orange,19,NO2,0.185833922,33.83062,-117.93845
Orange,19,Ozone,0.383605911,33.83062,-117.93845
Orange,19,SO2,0.00066484,33.67464,-117.92568
Orange,20,CO,0.013186936,33.83062,-117.93845
Orange,20,NO2,0.194220651,33.83062,-117.93845
Orange,20,Ozone,0.3388741,33.83062,-117.93845
Orange,20,SO2,0.001124542,33.67464,-117.92568
Orange,21,CO,0.01379912,33.83062,-117.93845
Orange,21,NO2,0.194655124,33.83062,-117.93845
Orange,21,Ozone,0.309221675,33.83062,-117.93845
Orange,21,SO2,0.000858447,33.67464,-117.92568
Orange,22,CO,0.013649899,33.83062,-117.93845
Orange,22,NO2,0.181377652,33.83062,-117.93845
Orange,22,Ozone,0.292773341,33.83062,-117.93845
Orange,22,SO2,0.000893773,33.67464,-117.92568
Orange,23,CO,0.013022664,33.83062,-117.93845
Orange,23,NO2,0.174540335,33.83062,-117.93845
Orange,23,Ozone,0.286381942,33.83062,-117.93845
Orange,23,SO2,0.000965116,33.67464,-117.92568
Riverside,0,CO,0.008954213,33.85275,-116.54101
Riverside,0,NO2,0.106669547,33.447867,-117.088649
Riverside,0,Ozone,0.400028925,33.7411,-115.8206
Riverside,0,SO2,0.002240896,33.99958,-117.41601
Riverside,1,CO,0.007984929,33.85275,-116.54101
Riverside,1,NO2,0.112719373,33.447867,-117.088649
Riverside,1,Ozone,0.375678347,33.7411,-115.8206
Riverside,1,SO2,0.002169492,33.99958,-117.41601
Riverside,2,CO,0.007734444,33.85275,-116.54101
Riverside,2,NO2,0.101873275,33.447867,-117.088649
Riverside,2,Ozone,0.368405011,33.7411,-115.8206
Riverside,2,SO2,0.002633333,33.99958,-117.41601
Riverside,3,CO,0.008828667,33.85275,-116.54101
Riverside,3,NO2,0.108052359,33.447867,-117.088649
Riverside,3,Ozone,0.347587969,33.7411,-115.8206
Riverside,3,SO2,0.004600733,33.99958,-117.41601
Riverside,4,CO,0.010959026,33.85275,-116.54101
Riverside,4,NO2,0.09459387,33.447867,-117.088649
Riverside,4,Ozone,0.366685031,33.7411,-115.8206
Riverside,4,SO2,0.003758589,33.99958,-117.41601
Riverside,5,CO,0.010899034,33.85275,-116.54101
Riverside,5,NO2,0.122072016,33.447867,-117.088649
Riverside,5,Ozone,0.319291409,33.7411,-115.8206
Riverside,5,SO2,0.005713242,33.99958,-117.41601
Riverside,6,CO,0.011054803,33.85275,-116.54101
Riverside,6,NO2,0.124441794,33.447867,-117.088649
Riverside,6,Ozone,0.333586435,33.7411,-115.8206
Riverside,6,SO2,0.005155556,33.99958,-117.41601
Riverside,7,CO,0.010587239,33.85275,-116.54101
Riverside,7,NO2,0.11724081,33.447867,-117.088649
Riverside,7,Ozone,0.385063016,33.7411,-115.8206
Riverside,7,SO2,0.005664783,33.99958,-117.41601
Riverside,8,CO,0.0086868,33.85275,-116.54101
Riverside,8,NO2,0.100032663,33.447867,-117.088649
Riverside,8,Ozone,0.46288757,33.7411,-115.8206
Riverside,8,SO2,0.004676056,33.99958,-117.41601
Riverside,9,CO,0.006619932,33.85275,-116.54101
Riverside,9,NO2,0.077089489,33.447867,-117.088649
Riverside,9,Ozone,0.548944179,33.7411,-115.8206
Riverside,9,SO2,0.003354467,33.99958,-117.41601
Riverside,10,CO,0.00538432,33.85275,-116.54101
Riverside,10,NO2,0.057684503,33.447867,-117.088649
Riverside,10,Ozone,0.62207876,33.7411,-115.8206
Riverside,10,SO2,0.002612403,33.99958,-117.41601
Riverside,11,CO,0.004618502,33.85275,-116.54101
Riverside,11,NO2,0.045719554,33.447867,-117.088649
Riverside,11,Ozone,0.674225132,33.7411,-115.8206
Riverside,11,SO2,0.002257005,33.99958,-117.41601
Riverside,12,CO,0.00431947,33.85275,-116.54101
Riverside,12,NO2,0.039704195,33.447867,-117.088649
Riverside,12,Ozone,0.70963668,33.7411,-115.8206
Riverside,12,SO2,0.002330468,33.99958,-117.41601
Riverside,13,CO,0.004252147,33.85275,-116.54101
Riverside,13,NO2,0.037734607,33.447867,-117.088649
Riverside,13,Ozone,0.732170213,33.7411,-115.8206
Riverside,13,SO2,0.002061657,33.99958,-117.41601
Riverside,14,CO,0.004226944,33.85275,-116.54101
Riverside,14,NO2,0.038347753,33.447867,-117.088649
Riverside,14,Ozone,0.743774991,33.7411,-115.8206
Riverside,14,SO2,0.002195169,33.99958,-117.41601
Riverside,15,CO,0.004275695,33.85275,-116.54101
Riverside,15,NO2,0.042343284,33.447867,-117.088649
Riverside,15,Ozone,0.7416238,33.7411,-115.8206
Riverside,15,SO2,0.002265152,33.99958,-117.41601
Riverside,16,CO,0.00464914,33.85275,-116.54101
Riverside,16,NO2,0.05354085,33.447867,-117.088649
Riverside,16,Ozone,0.715749918,33.7411,-115.8206
Riverside,16,SO2,0.002602996,33.99958,-117.41601
Riverside,17,CO,0.005275944,33.85275,-116.54101
Riverside,17,NO2,0.068771173,33.447867,-117.088649
Riverside,17,Ozone,0.663732584,33.7411,-115.8206
Riverside,17,SO2,0.002697406,33.99958,-117.41601
Riverside,18,CO,0.00583087,33.85275,-116.54101
Riverside,18,NO2,0.080543974,33.447867,-117.088649
Riverside,18,Ozone,0.60255636,33.7411,-115.8206
Riverside,18,SO2,0.002689076,33.99958,-117.41601
Riverside,19,CO,0.006293566,33.85275,-116.54101
Riverside,19,NO2,0.088528072,33.447867,-117.088649
Riverside,19,Ozone,0.54530783,33.7411,-115.8206
Riverside,19,SO2,0.00258427,33.99958,-117.41601
Riverside,20,CO,0.007108575,33.85275,-116.54101
Riverside,20,NO2,0.098171069,33.447867,-117.088649
Riverside,20,Ozone,0.500104559,33.7411,-115.8206
Riverside,20,SO2,0.002800745,33.99958,-117.41601
Riverside,21,CO,0.007815716,33.85275,-116.54101
Riverside,21,NO2,0.106541157,33.447867,-117.088649
Riverside,21,Ozone,0.462219697,33.7411,-115.8206
Riverside,21,SO2,0.002534466,33.99958,-117.41601
Riverside,22,CO,0.008145385,33.85275,-116.54101
Riverside,22,NO2,0.108051408,33.447867,-117.088649
Riverside,22,Ozone,0.432100242,33.7411,-115.8206
Riverside,22,SO2,0.00282963,33.99958,-117.41601
Riverside,23,CO,0.008506768,33.85275,-116.54101
Riverside,23,NO2,0.108571791,33.447867,-117.088649
Riverside,23,Ozone,0.410353643,33.7411,-115.8206
Riverside,23,SO2,0.002361266,33.99958,-117.41601
Sacramento,0,CO,0.011002345,38.71209,-121.38109
Sacramento,0,NO2,0.072619333,38.71209,-121.38109
Sacramento,0,Ozone,0.276738153,38.71209,-121.38109
Sacramento,0,SO2,0.034871795,38.613779,-121.368014
Sacramento,1,CO,0.010349651,38.71209,-121.38109
Sacramento,1,NO2,0.066548097,38.71209,-121.38109
Sacramento,1,Ozone,0.270823245,38.71209,-121.38109
Sacramento,1,SO2,0.034575668,38.613779,-121.368014
Sacramento,2,CO,0.009899548,38.71209,-121.38109
Sacramento,2,NO2,0.062513687,38.71209,-121.38109
Sacramento,2,Ozone,0.263782533,38.71209,-121.38109
Sacramento,2,SO2,0.034474474,38.613779,-121.368014
Sacramento,3,CO,0.009366565,38.71209,-121.38109
Sacramento,3,NO2,0.063556962,38.71209,-121.38109
Sacramento,3,Ozone,0.249280984,38.71209,-121.38109
Sacramento,3,SO2,0.034430446,38.613779,-121.368014
Sacramento,4,CO,0.009941898,38.71209,-121.38109
Sacramento,4,NO2,0.063348619,38.71209,-121.38109
Sacramento,4,Ozone,0.248291398,38.71209,-121.38109
Sacramento,4,SO2,0.03410719,38.613779,-121.368014
Sacramento,5,CO,0.010406077,38.71209,-121.38109
Sacramento,5,NO2,0.08485048,38.71209,-121.38109
Sacramento,5,Ozone,0.217072886,38.71209,-121.38109
Sacramento,5,SO2,0.034066066,38.613779,-121.368014
Sacramento,6,CO,0.01140483,38.71209,-121.38109
Sacramento,6,NO2,0.085967784,38.71209,-121.38109
Sacramento,6,Ozone,0.216444574,38.71209,-121.38109
Sacramento,6,SO2,0.034223541,38.613779,-121.368014
Sacramento,7,CO,0.011764781,38.71209,-121.38109
Sacramento,7,NO2,0.079335646,38.71209,-121.38109
Sacramento,7,Ozone,0.247924947,38.71209,-121.38109
Sacramento,7,SO2,0.034576962,38.613779,-121.368014
Sacramento,8,CO,0.011166815,38.71209,-121.38109
Sacramento,8,NO2,0.070196225,38.71209,-121.38109
Sacramento,8,Ozone,0.300851389,38.71209,-121.38109
Sacramento,8,SO2,0.034729167,38.613779,-121.368014
Sacramento,9,CO,0.010227112,38.71209,-121.38109
Sacramento,9,NO2,0.06028136,38.71209,-121.38109
Sacramento,9,Ozone,0.372146387,38.71209,-121.38109
Sacramento,9,SO2,0.034725367,38.613779,-121.368014
Sacramento,10,CO,0.009567723,38.71209,-121.38109
Sacramento,10,NO2,0.052180574,38.71209,-121.38109
Sacramento,10,Ozone,0.450776653,38.71209,-121.38109
Sacramento,10,SO2,0.034408998,38.613779,-121.368014
Sacramento,11,CO,0.009353752,38.71209,-121.38109
Sacramento,11,NO2,0.046892778,38.71209,-121.38109
Sacramento,11,Ozone,0.519771145,38.71209,-121.38109
Sacramento,11,SO2,0.034212851,38.613779,-121.368014
Sacramento,12,CO,0.009176712,38.71209,-121.38109
Sacramento,12,NO2,0.042841825,38.71209,-121.38109
Sacramento,12,Ozone,0.575309661,38.71209,-121.38109
Sacramento,12,SO2,0.035687688,38.613779,-121.368014
Sacramento,13,CO,0.009196487,38.71209,-121.38109
Sacramento,13,NO2,0.041156595,38.71209,-121.38109
Sacramento,13,Ozone,0.611586191,38.71209,-121.38109
Sacramento,13,SO2,0.036183633,38.613779,-121.368014
Sacramento,14,CO,0.00918017,38.71209,-121.38109
Sacramento,14,NO2,0.040763889,38.71209,-121.38109
Sacramento,14,Ozone,0.626787893,38.71209,-121.38109
Sacramento,14,SO2,0.037046214,38.613779,-121.368014
Sacramento,15,CO,0.009268724,38.71209,-121.38109
Sacramento,15,NO2,0.042075901,38.71209,-121.38109
Sacramento,15,Ozone,0.624740077,38.71209,-121.38109
Sacramento,15,SO2,0.03704931,38.613779,-121.368014
Sacramento,16,CO,0.009485179,38.71209,-121.38109
Sacramento,16,NO2,0.04856453,38.71209,-121.38109
Sacramento,16,Ozone,0.599095334,38.71209,-121.38109
Sacramento,16,SO2,0.037329412,38.613779,-121.368014
Sacramento,17,CO,0.01040422,38.71209,-121.38109
Sacramento,17,NO2,0.065328212,38.71209,-121.38109
Sacramento,17,Ozone,0.535391041,38.71209,-121.38109
Sacramento,17,SO2,0.03765692,38.613779,-121.368014
Sacramento,18,CO,0.011391854,38.71209,-121.38109
Sacramento,18,NO2,0.084065301,38.71209,-121.38109
Sacramento,18,Ozone,0.456247129,38.71209,-121.38109
Sacramento,18,SO2,0.03769306,38.613779,-121.368014
Sacramento,19,CO,0.012281927,38.71209,-121.38109
Sacramento,19,NO2,0.096273077,38.71209,-121.38109
Sacramento,19,Ozone,0.381973336,38.71209,-121.38109
Sacramento,19,SO2,0.037113078,38.613779,-121.368014
Sacramento,20,CO,0.012782264,38.71209,-121.38109
Sacramento,20,NO2,0.099384615,38.71209,-121.38109
Sacramento,20,Ozone,0.331524116,38.71209,-121.38109
Sacramento,20,SO2,0.036364706,38.613779,-121.368014
Sacramento,21,CO,0.012798271,38.71209,-121.38109
Sacramento,21,NO2,0.09578129,38.71209,-121.38109
Sacramento,21,Ozone,0.301679319,38.71209,-121.38109
Sacramento,21,SO2,0.035268437,38.613779,-121.368014
Sacramento,22,CO,0.012449135,38.71209,-121.38109
Sacramento,22,NO2,0.08909705,38.71209,-121.38109
Sacramento,22,Ozone,0.288112491,38.71209,-121.38109
Sacramento,22,SO2,0.034844181,38.613779,-121.368014
Sacramento,23,CO,0.011658522,38.71209,-121.38109
Sacramento,23,NO2,0.080295299,38.71209,-121.38109
Sacramento,23,Ozone,0.282875606,38.71209,-121.38109
Sacramento,23,SO2,0.034764995,38.613779,-121.368014
San Bernardino,0,CO,0.01224643,34.895007,-117.024484
San Bernardino,0,NO2,0.201617957,34.895007,-117.024484
San Bernardino,0,Ozone,0.423732719,34.895007,-117.024484
San Bernardino,0,SO2,0.008626999,34.510014,-117.331433
San Bernardino,1,CO,0.011527732,34.895007,-117.024484
San Bernardino,1,NO2,0.200902553,34.895007,-117.024484
San Bernardino,1,Ozone,0.407116871,34.895007,-117.024484
San Bernardino,1,SO2,0.007395407,34.510014,-117.331433
San Bernardino,2,CO,0.011269621,34.895007,-117.024484
San Bernardino,2,NO2,0.200702771,34.895007,-117.024484
San Bernardino,2,Ozone,0.393367965,34.895007,-117.024484
San Bernardino,2,SO2,0.007291705,34.510014,-117.331433
San Bernardino,3,CO,0.011210828,34.895007,-117.024484
San Bernardino,3,NO2,0.206202655,34.895007,-117.024484
San Bernardino,3,Ozone,0.388340659,34.895007,-117.024484
San Bernardino,3,SO2,0.007988355,34.510014,-117.331433
San Bernardino,4,CO,0.012562563,34.895007,-117.024484
San Bernardino,4,NO2,0.220997695,34.895007,-117.024484
San Bernardino,4,Ozone,0.395649116,34.895007,-117.024484
San Bernardino,4,SO2,0.008956453,34.510014,-117.331433
San Bernardino,5,CO,0.013376503,34.895007,-117.024484
San Bernardino,5,NO2,0.225791369,34.895007,-117.024484
San Bernardino,5,Ozone,0.342420356,34.895007,-117.024484
San Bernardino,5,SO2,0.008462255,34.510014,-117.331433
San Bernardino,6,CO,0.014683731,34.895007,-117.024484
San Bernardino,6,NO2,0.225095512,34.895007,-117.024484
San Bernardino,6,Ozone,0.359271187,34.895007,-117.024484
San Bernardino,6,SO2,0.009721535,34.510014,-117.331433
San Bernardino,7,CO,0.014185391,34.895007,-117.024484
San Bernardino,7,NO2,0.217720442,34.895007,-117.024484
San Bernardino,7,Ozone,0.420373779,34.895007,-117.024484
San Bernardino,7,SO2,0.010406977,34.510014,-117.331433
San Bernardino,8,CO,0.012279518,34.895007,-117.024484
San Bernardino,8,NO2,0.199852256,34.895007,-117.024484
San Bernardino,8,Ozone,0.508274959,34.895007,-117.024484
San Bernardino,8,SO2,0.010883125,34.510014,-117.331433
San Bernardino,9,CO,0.010562106,34.895007,-117.024484
San Bernardino,9,NO2,0.179879008,34.895007,-117.024484
San Bernardino,9,Ozone,0.584509381,34.895007,-117.024484
San Bernardino,9,SO2,0.010779379,34.510014,-117.331433
San Bernardino,10,CO,0.009421997,34.895007,-117.024484
San Bernardino,10,NO2,0.15442029,34.895007,-117.024484
San Bernardino,10,Ozone,0.649699732,34.895007,-117.024484
San Bernardino,10,SO2,0.010662809,34.510014,-117.331433
San Bernardino,11,CO,0.008664034,34.895007,-117.024484
San Bernardino,11,NO2,0.133571645,34.895007,-117.024484
San Bernardino,11,Ozone,0.701375114,34.895007,-117.024484
San Bernardino,11,SO2,0.010223933,34.510014,-117.331433
San Bernardino,12,CO,0.008317972,34.895007,-117.024484
San Bernardino,12,NO2,0.121854662,34.895007,-117.024484
San Bernardino,12,Ozone,0.745577564,34.895007,-117.024484
San Bernardino,12,SO2,0.009454314,34.510014,-117.331433
San Bernardino,13,CO,0.008171185,34.895007,-117.024484
San Bernardino,13,NO2,0.118496967,34.895007,-117.024484
San Bernardino,13,Ozone,0.779892368,34.895007,-117.024484
San Bernardino,13,SO2,0.0088817,34.510014,-117.331433
San Bernardino,14,CO,0.008243824,34.895007,-117.024484
San Bernardino,14,NO2,0.119106833,34.895007,-117.024484
San Bernardino,14,Ozone,0.802385009,34.895007,-117.024484
San Bernardino,14,SO2,0.008764945,34.510014,-117.331433
San Bernardino,15,CO,0.008598143,34.895007,-117.024484
San Bernardino,15,NO2,0.126101904,34.895007,-117.024484
San Bernardino,15,Ozone,0.803929783,34.895007,-117.024484
San Bernardino,15,SO2,0.008678494,34.510014,-117.331433
San Bernardino,16,CO,0.009192834,34.895007,-117.024484
San Bernardino,16,NO2,0.142305943,34.895007,-117.024484
San Bernardino,16,Ozone,0.771959203,34.895007,-117.024484
San Bernardino,16,SO2,0.008815437,34.510014,-117.331433
San Bernardino,17,CO,0.010177499,34.895007,-117.024484
San Bernardino,17,NO2,0.168152958,34.895007,-117.024484
San Bernardino,17,Ozone,0.701317464,34.895007,-117.024484
San Bernardino,17,SO2,0.008971055,34.510014,-117.331433
San Bernardino,18,CO,0.010939867,34.895007,-117.024484
San Bernardino,18,NO2,0.188475027,34.895007,-117.024484
San Bernardino,18,Ozone,0.628488912,34.895007,-117.024484
San Bernardino,18,SO2,0.009237829,34.510014,-117.331433
San Bernardino,19,CO,0.011435164,34.895007,-117.024484
San Bernardino,19,NO2,0.196920114,34.895007,-117.024484
San Bernardino,19,Ozone,0.569836302,34.895007,-117.024484
San Bernardino,19,SO2,0.008829767,34.510014,-117.331433
San Bernardino,20,CO,0.011810578,34.895007,-117.024484
San Bernardino,20,NO2,0.198715354,34.895007,-117.024484
San Bernardino,20,Ozone,0.524671573,34.895007,-117.024484
San Bernardino,20,SO2,0.008125739,34.510014,-117.331433
San Bernardino,21,CO,0.012221929,34.895007,-117.024484
San Bernardino,21,NO2,0.204179239,34.895007,-117.024484
San Bernardino,21,Ozone,0.487632643,34.895007,-117.024484
San Bernardino,21,SO2,0.00772956,34.510014,-117.331433
San Bernardino,22,CO,0.013985265,34.895007,-117.024484
San Bernardino,22,NO2,0.249079935,34.895007,-117.024484
San Bernardino,22,Ozone,0.439732764,34.895007,-117.024484
San Bernardino,22,SO2,0.005531532,34.510014,-117.331433
San Bernardino,23,CO,0.012884289,34.895007,-117.024484
San Bernardino,23,NO2,0.238695424,34.895007,-117.024484
San Bernardino,23,Ozone,0.397735327,34.895007,-117.024484
San Bernardino,23,SO2,0.00462807,34.510014,-117.331433
San Diego,0,CO,0.010962394,32.701492,-117.149653
San Diego,0,NO2,0.093845882,32.631231,-117.059075
San Diego,0,Ozone,0.413724006,32.631231,-117.059075
San Diego,0,SO2,0.000553389,32.817978,-116.968133
San Diego,1,CO,0.01039907,32.701492,-117.149653
San Diego,1,NO2,0.086929293,32.631231,-117.059075
San Diego,1,Ozone,0.424168501,32.631231,-117.059075
San Diego,1,SO2,0.000414035,32.817978,-116.968133
San Diego,2,CO,0.009340659,32.701492,-117.149653
San Diego,2,NO2,0.074820144,32.631231,-117.059075
San Diego,2,Ozone,0.456743749,32.631231,-117.059075
San Diego,2,SO2,0.00016,32.817978,-116.968133
San Diego,3,CO,0.009968689,32.701492,-117.149653
San Diego,3,NO2,0.089155146,32.631231,-117.059075
San Diego,3,Ozone,0.408774866,32.631231,-117.059075
San Diego,3,SO2,0.00016,32.817978,-116.968133
San Diego,4,CO,0.01184172,32.701492,-117.149653
San Diego,4,NO2,0.099230769,32.631231,-117.059075
San Diego,4,Ozone,0.372779526,32.631231,-117.059075
San Diego,4,SO2,0.000324698,32.817978,-116.968133
San Diego,5,CO,0.013307843,32.701492,-117.149653
San Diego,5,NO2,0.115958274,32.631231,-117.059075
San Diego,5,Ozone,0.344693763,32.631231,-117.059075
San Diego,5,SO2,0.000617978,32.817978,-116.968133
San Diego,6,CO,0.015228079,32.701492,-117.149653
San Diego,6,NO2,0.125587922,32.631231,-117.059075
San Diego,6,Ozone,0.339050554,32.631231,-117.059075
San Diego,6,SO2,0.001050047,32.817978,-116.968133
San Diego,7,CO,0.015118459,32.701492,-117.149653
San Diego,7,NO2,0.122616655,32.631231,-117.059075
San Diego,7,Ozone,0.361644827,32.631231,-117.059075
San Diego,7,SO2,0.001454545,32.817978,-116.968133
San Diego,8,CO,0.013182893,32.701492,-117.149653
San Diego,8,NO2,0.112879619,32.631231,-117.059075
San Diego,8,Ozone,0.413398453,32.631231,-117.059075
San Diego,8,SO2,0.001714286,32.817978,-116.968133
San Diego,9,CO,0.011525196,32.701492,-117.149653
San Diego,9,NO2,0.100477085,32.631231,-117.059075
San Diego,9,Ozone,0.482852172,32.631231,-117.059075
San Diego,9,SO2,0.001679758,32.817978,-116.968133
San Diego,10,CO,0.010835722,32.701492,-117.149653
San Diego,10,NO2,0.085488086,32.631231,-117.059075
San Diego,10,Ozone,0.550465839,32.631231,-117.059075
San Diego,10,SO2,0.001639413,32.817978,-116.968133
San Diego,11,CO,0.010147195,32.701492,-117.149653
San Diego,11,NO2,0.072389692,32.631231,-117.059075
San Diego,11,Ozone,0.602536953,32.631231,-117.059075
San Diego,11,SO2,0.001798246,32.817978,-116.968133
San Diego,12,CO,0.009729832,32.701492,-117.149653
San Diego,12,NO2,0.066107253,32.631231,-117.059075
San Diego,12,Ozone,0.635611556,32.631231,-117.059075
San Diego,12,SO2,0.001764444,32.817978,-116.968133
San Diego,13,CO,0.009806491,32.701492,-117.149653
San Diego,13,NO2,0.062027439,32.631231,-117.059075
San Diego,13,Ozone,0.649914842,32.631231,-117.059075
San Diego,13,SO2,0.001759318,32.817978,-116.968133
San Diego,14,CO,0.009903188,32.701492,-117.149653
San Diego,14,NO2,0.061691285,32.631231,-117.059075
San Diego,14,Ozone,0.65233863,32.631231,-117.059075
San Diego,14,SO2,0.001761762,32.817978,-116.968133
San Diego,15,CO,0.009693488,32.701492,-117.149653
San Diego,15,NO2,0.061959508,32.631231,-117.059075
San Diego,15,Ozone,0.647284216,32.631231,-117.059075
San Diego,15,SO2,0.001608405,32.817978,-116.968133
San Diego,16,CO,0.009924022,32.701492,-117.149653
San Diego,16,NO2,0.066695096,32.631231,-117.059075
San Diego,16,Ozone,0.629835226,32.631231,-117.059075
San Diego,16,SO2,0.001467038,32.817978,-116.968133
San Diego,17,CO,0.010697621,32.701492,-117.149653
San Diego,17,NO2,0.077838412,32.631231,-117.059075
San Diego,17,Ozone,0.596566164,32.631231,-117.059075
San Diego,17,SO2,0.001403509,32.817978,-116.968133
San Diego,18,CO,0.010917994,32.701492,-117.149653
San Diego,18,NO2,0.091941301,32.631231,-117.059075
San Diego,18,Ozone,0.552843196,32.631231,-117.059075
San Diego,18,SO2,0.001429363,32.817978,-116.968133
San Diego,19,CO,0.011320379,32.701492,-117.149653
San Diego,19,NO2,0.104012018,32.631231,-117.059075
San Diego,19,Ozone,0.511441319,32.631231,-117.059075
San Diego,19,SO2,0.001385042,32.817978,-116.968133
San Diego,20,CO,0.011895545,32.701492,-117.149653
San Diego,20,NO2,0.110989399,32.631231,-117.059075
San Diego,20,Ozone,0.478993706,32.631231,-117.059075
San Diego,20,SO2,0.001218837,32.817978,-116.968133
San Diego,21,CO,0.012123484,32.701492,-117.149653
San Diego,21,NO2,0.111988697,32.631231,-117.059075
San Diego,21,Ozone,0.452720899,32.631231,-117.059075
San Diego,21,SO2,0.001085873,32.817978,-116.968133
San Diego,22,CO,0.012000605,32.701492,-117.149653
San Diego,22,NO2,0.107925062,32.631231,-117.059075
San Diego,22,Ozone,0.435379651,32.631231,-117.059075
San Diego,22,SO2,9.00E-04,32.817978,-116.968133
San Diego,23,CO,0.011495075,32.701492,-117.149653
San Diego,23,NO2,0.102007777,32.631231,-117.059075
San Diego,23,Ozone,0.421834914,32.631231,-117.059075
San Diego,23,SO2,0.000718519,32.817978,-116.968133
Santa Barbara,0,CO,0.005114986,34.427775,-119.691218
Santa Barbara,0,NO2,0.024284555,34.46245,-120.02551
Santa Barbara,0,Ozone,0.354363381,34.46245,-120.02551
Santa Barbara,0,SO2,0.001949355,34.46245,-120.02551
Santa Barbara,1,CO,0.004609302,34.427775,-119.691218
Santa Barbara,1,NO2,0.052811554,34.427775,-119.691218
Santa Barbara,1,Ozone,0.295504087,34.427775,-119.691218
Santa Barbara,2,CO,0.005116536,34.427775,-119.691218
Santa Barbara,2,NO2,0.021480785,34.46245,-120.02551
Santa Barbara,2,Ozone,0.333750443,34.46245,-120.02551
Santa Barbara,2,SO2,0.006606028,34.46245,-120.02551
Santa Barbara,3,CO,0.004686134,34.427775,-119.691218
Santa Barbara,3,NO2,0.020665724,34.46245,-120.02551
Santa Barbara,3,Ozone,0.328384156,34.46245,-120.02551
Santa Barbara,3,SO2,0.003493872,34.46245,-120.02551
Santa Barbara,4,CO,0.004936928,34.427775,-119.691218
Santa Barbara,4,NO2,0.014781553,34.46245,-120.02551
Santa Barbara,4,Ozone,0.333374248,34.46245,-120.02551
Santa Barbara,4,SO2,0.003190774,34.46245,-120.02551
Santa Barbara,5,CO,0.005759361,34.427775,-119.691218
Santa Barbara,5,NO2,0.030996584,34.46245,-120.02551
Santa Barbara,5,Ozone,0.308077113,34.46245,-120.02551
Santa Barbara,5,SO2,0.002810707,34.46245,-120.02551
Santa Barbara,6,CO,0.006414544,34.427775,-119.691218
Santa Barbara,6,NO2,0.037209669,34.46245,-120.02551
Santa Barbara,6,Ozone,0.307094941,34.46245,-120.02551
Santa Barbara,6,SO2,0.002648795,34.46245,-120.02551
Santa Barbara,7,CO,0.006930631,34.427775,-119.691218
Santa Barbara,7,NO2,0.038779974,34.46245,-120.02551
Santa Barbara,7,Ozone,0.33023472,34.46245,-120.02551
Santa Barbara,7,SO2,0.002632001,34.46245,-120.02551
Santa Barbara,8,CO,0.006454487,34.427775,-119.691218
Santa Barbara,8,NO2,0.03544217,34.46245,-120.02551
Santa Barbara,8,Ozone,0.375969123,34.46245,-120.02551
Santa Barbara,8,SO2,0.002712531,34.46245,-120.02551
Santa Barbara,9,CO,0.005490815,34.427775,-119.691218
Santa Barbara,9,NO2,0.028879482,34.46245,-120.02551
Santa Barbara,9,Ozone,0.43594898,34.46245,-120.02551
Santa Barbara,9,SO2,0.002661357,34.46245,-120.02551
Santa Barbara,10,CO,0.004924454,34.427775,-119.691218
Santa Barbara,10,NO2,0.02311189,34.46245,-120.02551
Santa Barbara,10,Ozone,0.489997289,34.46245,-120.02551
Santa Barbara,10,SO2,0.002502058,34.46245,-120.02551
Santa Barbara,11,CO,0.00478799,34.427775,-119.691218
Santa Barbara,11,NO2,0.020050296,34.46245,-120.02551
Santa Barbara,11,Ozone,0.52906543,34.46245,-120.02551
Santa Barbara,11,SO2,0.002369498,34.46245,-120.02551
Santa Barbara,12,CO,0.00466587,34.427775,-119.691218
Santa Barbara,12,NO2,0.017998662,34.46245,-120.02551
Santa Barbara,12,Ozone,0.553147926,34.46245,-120.02551
Santa Barbara,12,SO2,0.002324753,34.46245,-120.02551
Santa Barbara,13,CO,0.004557755,34.427775,-119.691218
Santa Barbara,13,NO2,0.016945533,34.46245,-120.02551
Santa Barbara,13,Ozone,0.564365634,34.46245,-120.02551
Santa Barbara,13,SO2,0.002278317,34.46245,-120.02551
Santa Barbara,14,CO,0.004572982,34.427775,-119.691218
Santa Barbara,14,NO2,0.016424511,34.46245,-120.02551
Santa Barbara,14,Ozone,0.566341237,34.46245,-120.02551
Santa Barbara,14,SO2,0.002267311,34.46245,-120.02551
Santa Barbara,15,CO,0.004638404,34.427775,-119.691218
Santa Barbara,15,NO2,0.017377071,34.46245,-120.02551
Santa Barbara,15,Ozone,0.558291407,34.46245,-120.02551
Santa Barbara,15,SO2,0.002240411,34.46245,-120.02551
Santa Barbara,16,CO,0.004877487,34.427775,-119.691218
Santa Barbara,16,NO2,0.021110255,34.46245,-120.02551
Santa Barbara,16,Ozone,0.537680921,34.46245,-120.02551
Santa Barbara,16,SO2,0.002094508,34.46245,-120.02551
Santa Barbara,17,CO,0.005328618,34.427775,-119.691218
Santa Barbara,17,NO2,0.028295749,34.46245,-120.02551
Santa Barbara,17,Ozone,0.500599493,34.46245,-120.02551
Santa Barbara,17,SO2,0.002060606,34.46245,-120.02551
Santa Barbara,18,CO,0.005686123,34.427775,-119.691218
Santa Barbara,18,NO2,0.032634089,34.46245,-120.02551
Santa Barbara,18,Ozone,0.463112515,34.46245,-120.02551
Santa Barbara,18,SO2,0.001962096,34.46245,-120.02551
Santa Barbara,19,CO,0.00580212,34.427775,-119.691218
Santa Barbara,19,NO2,0.034491816,34.46245,-120.02551
Santa Barbara,19,Ozone,0.428956906,34.46245,-120.02551
Santa Barbara,19,SO2,0.001918419,34.46245,-120.02551
Santa Barbara,20,CO,0.005878525,34.427775,-119.691218
Santa Barbara,20,NO2,0.034578117,34.46245,-120.02551
Santa Barbara,20,Ozone,0.402361738,34.46245,-120.02551
Santa Barbara,20,SO2,0.001986628,34.46245,-120.02551
Santa Barbara,21,CO,0.005731057,34.427775,-119.691218
Santa Barbara,21,NO2,0.033112721,34.46245,-120.02551
Santa Barbara,21,Ozone,0.382198815,34.46245,-120.02551
Santa Barbara,21,SO2,0.002002232,34.46245,-120.02551
Santa Barbara,22,CO,0.005796218,34.427775,-119.691218
Santa Barbara,22,NO2,0.029791743,34.46245,-120.02551
Santa Barbara,22,Ozone,0.368609629,34.46245,-120.02551
Santa Barbara,22,SO2,0.001901116,34.46245,-120.02551
Santa Barbara,23,CO,0.005302702,34.427775,-119.691218
Santa Barbara,23,NO2,0.025668768,34.46245,-120.02551
Santa Barbara,23,Ozone,0.360284529,34.46245,-120.02551
Santa Barbara,23,SO2,0.001895644,34.46245,-120.02551
Solano,0,CO,0.012182104,38.102507,-122.237976
Solano,0,NO2,0.078939891,38.102507,-122.237976
Solano,0,Ozone,0.296274567,38.102507,-122.237976
Solano,0,SO2,0.008450549,38.102507,-122.237976
Solano,1,CO,0.01189168,38.102507,-122.237976
Solano,1,NO2,0.075213699,38.102507,-122.237976
Solano,1,Ozone,0.290671751,38.102507,-122.237976
Solano,1,SO2,0.008135531,38.102507,-122.237976
Solano,2,CO,0.011198157,38.102507,-122.237976
Solano,2,NO2,0.073990291,38.102507,-122.237976
Solano,2,Ozone,0.281823841,38.102507,-122.237976
Solano,2,SO2,0.007969892,38.102507,-122.237976
Solano,3,CO,0.012492997,38.102507,-122.237976
Solano,3,NO2,0.067627451,38.102507,-122.237976
Solano,3,Ozone,0.250789835,38.102507,-122.237976
Solano,4,CO,0.011808469,38.102507,-122.237976
Solano,4,NO2,0.082721763,38.102507,-122.237976
Solano,4,Ozone,0.241119293,38.102507,-122.237976
Solano,4,SO2,0.011153846,38.102507,-122.237976
Solano,5,CO,0.012947658,38.102507,-122.237976
Solano,5,NO2,0.094747253,38.102507,-122.237976
Solano,5,Ozone,0.221627188,38.102507,-122.237976
Solano,5,SO2,0.012018365,38.102507,-122.237976
Solano,6,CO,0.014173982,38.102507,-122.237976
Solano,6,NO2,0.099579387,38.102507,-122.237976
Solano,6,Ozone,0.221938248,38.102507,-122.237976
Solano,6,SO2,0.011582868,38.102507,-122.237976
Solano,7,CO,0.014245921,38.102507,-122.237976
Solano,7,NO2,0.096470752,38.102507,-122.237976
Solano,7,Ozone,0.25086963,38.102507,-122.237976
Solano,7,SO2,0.012389972,38.102507,-122.237976
Solano,8,CO,0.011878453,38.102507,-122.237976
Solano,8,NO2,0.08246281,38.102507,-122.237976
Solano,8,Ozone,0.308229167,38.102507,-122.237976
Solano,8,SO2,0.01239779,38.102507,-122.237976
Solano,9,CO,0.009698189,38.102507,-122.237976
Solano,9,NO2,0.063348315,38.102507,-122.237976
Solano,9,Ozone,0.368831169,38.102507,-122.237976
Solano,9,SO2,0.011658216,38.102507,-122.237976
Solano,10,CO,0.008819528,38.102507,-122.237976
Solano,10,NO2,0.052354749,38.102507,-122.237976
Solano,10,Ozone,0.422110628,38.102507,-122.237976
Solano,10,SO2,0.010950514,38.102507,-122.237976
Solano,11,CO,0.008539594,38.102507,-122.237976
Solano,11,NO2,0.048275,38.102507,-122.237976
Solano,11,Ozone,0.469847897,38.102507,-122.237976
Solano,11,SO2,0.010068709,38.102507,-122.237976
Solano,12,CO,0.008364505,38.102507,-122.237976
Solano,12,NO2,0.044375,38.102507,-122.237976
Solano,12,Ozone,0.50655141,38.102507,-122.237976
Solano,12,SO2,0.009585887,38.102507,-122.237976
Solano,13,CO,0.008156425,38.102507,-122.237976
Solano,13,NO2,0.04165,38.102507,-122.237976
Solano,13,Ozone,0.531461864,38.102507,-122.237976
Solano,13,SO2,0.009459963,38.102507,-122.237976
Solano,14,CO,0.008112386,38.102507,-122.237976
Solano,14,NO2,0.04175,38.102507,-122.237976
Solano,14,Ozone,0.540767279,38.102507,-122.237976
Solano,14,SO2,0.008956602,38.102507,-122.237976
Solano,15,CO,0.008177883,38.102507,-122.237976
Solano,15,NO2,0.043775956,38.102507,-122.237976
Solano,15,Ozone,0.526833579,38.102507,-122.237976
Solano,15,SO2,0.008484848,38.102507,-122.237976
Solano,16,CO,0.008571429,38.102507,-122.237976
Solano,16,NO2,0.050437158,38.102507,-122.237976
Solano,16,Ozone,0.494641022,38.102507,-122.237976
Solano,16,SO2,0.00855831,38.102507,-122.237976
Solano,17,CO,0.009232586,38.102507,-122.237976
Solano,17,NO2,0.065486339,38.102507,-122.237976
Solano,17,Ozone,0.443092057,38.102507,-122.237976
Solano,17,SO2,0.008914601,38.102507,-122.237976
Solano,18,CO,0.010137741,38.102507,-122.237976
Solano,18,NO2,0.08184153,38.102507,-122.237976
Solano,18,Ozone,0.387711056,38.102507,-122.237976
Solano,18,SO2,0.009149679,38.102507,-122.237976
Solano,19,CO,0.010962904,38.102507,-122.237976
Solano,19,NO2,0.089193989,38.102507,-122.237976
Solano,19,Ozone,0.352263374,38.102507,-122.237976
Solano,19,SO2,0.009149171,38.102507,-122.237976
Solano,20,CO,0.012176309,38.102507,-122.237976
Solano,20,NO2,0.092038251,38.102507,-122.237976
Solano,20,Ozone,0.331419762,38.102507,-122.237976
Solano,20,SO2,0.009215794,38.102507,-122.237976
Solano,21,CO,0.012833595,38.102507,-122.237976
Solano,21,NO2,0.088273224,38.102507,-122.237976
Solano,21,Ozone,0.318216486,38.102507,-122.237976
Solano,21,SO2,0.009106227,38.102507,-122.237976
Solano,22,CO,0.012582418,38.102507,-122.237976
Solano,22,NO2,0.086685792,38.102507,-122.237976
Solano,22,Ozone,0.309592256,38.102507,-122.237976
Solano,22,SO2,0.008827839,38.102507,-122.237976
Solano,23,CO,0.012346939,38.102507,-122.237976
Solano,23,NO2,0.082846575,38.102507,-122.237976
Solano,23,Ozone,0.302962746,38.102507,-122.237976
Solano,23,SO2,0.008644689,38.102507,-122.237976
Santa Cruz,0,Ozone,0.239295607,36.983921,-121.989328
Santa Cruz,1,Ozone,0.232330827,36.983921,-121.989328
Santa Cruz,2,Ozone,0.222635536,36.983921,-121.989328
Santa Cruz,3,Ozone,0.209616146,36.983921,-121.989328
Santa Cruz,4,Ozone,0.190542145,36.983921,-121.989328
Santa Cruz,5,Ozone,0.16489909,36.983921,-121.989328
Santa Cruz,6,Ozone,0.154689355,36.983921,-121.989328
Santa Cruz,7,Ozone,0.189157103,36.983921,-121.989328
Santa Cruz,8,Ozone,0.255243372,36.983921,-121.989328
Santa Cruz,9,Ozone,0.33350577,36.983921,-121.989328
Santa Cruz,10,Ozone,0.395011971,36.983921,-121.989328
Santa Cruz,11,Ozone,0.43757503,36.983921,-121.989328
Santa Cruz,12,Ozone,0.469393456,36.983921,-121.989328
Santa Cruz,13,Ozone,0.483878691,36.983921,-121.989328
Santa Cruz,14,Ozone,0.486073424,36.983921,-121.989328
Santa Cruz,15,Ozone,0.478611111,36.983921,-121.989328
Santa Cruz,16,Ozone,0.454808073,36.983921,-121.989328
Santa Cruz,17,Ozone,0.403174603,36.983921,-121.989328
Santa Cruz,18,Ozone,0.364642857,36.983921,-121.989328
Santa Cruz,19,Ozone,0.346695687,36.983921,-121.989328
Santa Cruz,20,Ozone,0.313533835,36.983921,-121.989328
Santa Cruz,21,Ozone,0.280530273,36.983921,-121.989328
Santa Cruz,22,Ozone,0.259675505,36.983921,-121.989328
Santa Cruz,23,Ozone,0.245745944,36.983921,-121.989328