County,Month,Weekend_day,Pollutant,Sample,Latitude,Longitude
Alameda,1,weekday,CO,0.014259903,37.743065,-122.169935
Alameda,1,weekday,NO2,0.170489828,37.687526,-121.784217
Alameda,1,weekday,Ozone,0.248720627,37.687526,-121.784217
Alameda,1,weekday,SO2,0.012530999,37.814781,-122.282347
Alameda,1,weekend,CO,0.010915114,37.743065,-122.169935
Alameda,1,weekend,NO2,0.100495652,37.687526,-121.784217
Alameda,1,weekend,Ozone,0.32389243,37.687526,-121.784217
Alameda,1,weekend,SO2,0.007460606,37.814781,-122.282347
Alameda,2,weekday,CO,0.015418094,37.743065,-122.169935
Alameda,2,weekday,NO2,0.187593767,37.687526,-121.784217
Alameda,2,weekday,Ozone,0.300195386,37.687526,-121.784217
Alameda,2,weekday,SO2,0.016870206,37.814781,-122.282347
Alameda,2,weekend,CO,0.014736025,37.743065,-122.169935
Alameda,2,weekend,NO2,0.1505,37.687526,-121.784217
Alameda,2,weekend,Ozone,0.279833075,37.687526,-121.784217
Alameda,2,weekend,SO2,0.01375,37.814781,-122.282347
Alameda,3,weekday,CO,0.011284098,37.743065,-122.169935
Alameda,3,weekday,NO2,0.120677942,37.687526,-121.784217
Alameda,3,weekday,Ozone,0.371856125,37.687526,-121.784217
Alameda,3,weekday,SO2,0.012205333,37.814781,-122.282347
Alameda,3,weekend,CO,0.009616036,37.743065,-122.169935
Alameda,3,weekend,NO2,0.061483696,37.687526,-121.784217
Alameda,3,weekend,Ozone,0.432841615,37.687526,-121.784217
Alameda,3,weekend,SO2,0.00725,37.814781,-122.282347
Alameda,4,weekday,CO,0.010676798,37.743065,-122.169935
Alameda,4,weekday,NO2,0.093672458,37.687526,-121.784217
Alameda,4,weekday,Ozone,0.49998807,37.687526,-121.784217
Alameda,4,weekday,SO2,0.012884982,37.814781,-122.282347
Alameda,4,weekend,CO,0.010591212,37.743065,-122.169935
Alameda,4,weekend,NO2,0.070034483,37.687526,-121.784217
Alameda,4,weekend,Ozone,0.486059351,37.687526,-121.784217
Alameda,4,weekend,SO2,0.010734007,37.814781,-122.282347
Alameda,5,weekday,CO,0.008720497,37.743065,-122.169935
Alameda,5,weekday,NO2,0.077106715,37.687526,-121.784217
Alameda,5,weekday,Ozone,0.439373933,37.687526,-121.784217
Alameda,5,weekday,SO2,0.010915444,37.814781,-122.282347
Alameda,5,weekend,CO,0.008704854,37.743065,-122.169935
Alameda,5,weekend,NO2,0.057298058,37.687526,-121.784217
Alameda,5,weekend,Ozone,0.458973648,37.687526,-121.784217
Alameda,5,weekend,SO2,0.009952862,37.814781,-122.282347
Alameda,6,weekday,CO,0.008426017,37.743065,-122.169935
Alameda,6,weekday,NO2,0.074694656,37.687526,-121.784217
Alameda,6,weekday,Ozone,0.419041861,37.687526,-121.784217
Alameda,6,weekday,SO2,0.013657267,37.814781,-122.282347
Alameda,6,weekend,CO,0.009306418,37.743065,-122.169935
Alameda,6,weekend,NO2,0.071876087,37.687526,-121.784217
Alameda,6,weekend,Ozone,0.475961238,37.687526,-121.784217
Alameda,6,weekend,SO2,0.012492424,37.814781,-122.282347
Alameda,7,weekday,CO,0.009911424,37.743065,-122.169935
Alameda,7,weekday,NO2,0.080501913,37.687526,-121.784217
Alameda,7,weekday,Ozone,0.334029343,37.687526,-121.784217
Alameda,7,weekday,SO2,0.015088372,37.814781,-122.282347
Alameda,7,weekend,CO,0.009782645,37.743065,-122.169935
Alameda,7,weekend,NO2,0.05528347,37.687526,-121.784217
Alameda,7,weekend,Ozone,0.339320861,37.687526,-121.784217
Alameda,7,weekend,SO2,0.010985685,37.814781,-122.282347
Alameda,8,weekday,CO,0.0108288,37.743065,-122.169935
Alameda,8,weekday,NO2,0.082038117,37.687526,-121.784217
Alameda,8,weekday,Ozone,0.336823833,37.687526,-121.784217
Alameda,8,weekday,SO2,0.010787611,37.814781,-122.282347
Alameda,8,weekend,CO,0.011362578,37.743065,-122.169935
Alameda,8,weekend,NO2,0.057061594,37.687526,-121.784217
Alameda,8,weekend,Ozone,0.390126812,37.687526,-121.784217
Alameda,8,weekend,SO2,0.008939394,37.814781,-122.282347
Alameda,9,weekday,CO,0.013235641,37.743065,-122.169935
Alameda,9,weekday,NO2,0.110276625,37.687526,-121.784217
Alameda,9,weekday,Ozone,0.379176919,37.687526,-121.784217
Alameda,9,weekday,SO2,0.008698565,37.814781,-122.282347
Alameda,9,weekend,CO,0.013061781,37.743065,-122.169935
Alameda,9,weekend,NO2,0.081752952,37.687526,-121.784217
Alameda,9,weekend,Ozone,0.387991718,37.687526,-121.784217
Alameda,9,weekend,SO2,0.006318182,37.814781,-122.282347
Alameda,10,weekday,CO,0.01368279,37.743065,-122.169935
Alameda,10,weekday,NO2,0.125324684,37.687526,-121.784217
Alameda,10,weekday,Ozone,0.319722443,37.687526,-121.784217
Alameda,10,weekday,SO2,0.006803195,37.814781,-122.282347
Alameda,10,weekend,CO,0.01426087,37.743065,-122.169935
Alameda,10,weekend,NO2,0.09375937,37.687526,-121.784217
Alameda,10,weekend,Ozone,0.397088594,37.687526,-121.784217
Alameda,10,weekend,SO2,0.006375758,37.814781,-122.282347
Alameda,11,weekday,CO,0.016509448,37.743065,-122.169935
Alameda,11,weekday,NO2,0.156198489,37.687526,-121.784217
Alameda,11,weekday,Ozone,0.270446243,37.687526,-121.784217
Alameda,11,weekday,SO2,0.012330776,37.814781,-122.282347
Alameda,11,weekend,CO,0.014078675,37.743065,-122.169935
Alameda,11,weekend,NO2,0.101287606,37.687526,-121.784217
Alameda,11,weekend,Ozone,0.345584661,37.687526,-121.784217
Alameda,11,weekend,SO2,0.005313131,37.814781,-122.282347
Alameda,12,weekday,CO,0.016627587,37.743065,-122.169935
Alameda,12,weekday,NO2,0.180710537,37.687526,-121.784217
Alameda,12,weekday,Ozone,0.223497236,37.687526,-121.784217
Alameda,12,weekday,SO2,0.014424779,37.814781,-122.282347
Alameda,12,weekend,CO,0.017250324,37.743065,-122.169935
Alameda,12,weekend,NO2,0.150985492,37.687526,-121.784217
Alameda,12,weekend,Ozone,0.246815659,37.687526,-121.784217
Alameda,12,weekend,SO2,0.012969697,37.814781,-122.282347
Contra Costa,1,weekday,CO,0.012015058,37.936013,-122.026154
Contra Costa,1,weekday,NO2,0.096389043,37.936013,-122.026154
Contra Costa,1,weekday,Ozone,0.239786011,37.936013,-122.026154
Contra Costa,1,weekday,SO2,0.012469337,37.936013,-122.026154
Contra Costa,1,weekend,CO,0.010873706,37.936013,-122.026154
Contra Costa,1,weekend,NO2,0.064675362,37.936013,-122.026154
Contra Costa,1,weekend,Ozone,0.326086957,37.936013,-122.026154
Contra Costa,1,weekend,SO2,0.011777778,37.936013,-122.026154
Contra Costa,2,weekday,CO,0.012219657,37.936013,-122.026154
Contra Costa,2,weekday,NO2,0.099730148,37.936013,-122.026154
Contra Costa,2,weekday,Ozone,0.288695914,37.936013,-122.026154
Contra Costa,2,weekday,SO2,0.015393417,37.936013,-122.026154
Contra Costa,2,weekend,CO,0.012309851,37.936013,-122.026154
Contra Costa,2,weekend,NO2,0.076033399,37.936013,-122.026154
Contra Costa,2,weekend,Ozone,0.272888016,37.936013,-122.026154
Contra Costa,2,weekend,SO2,0.01528906,37.936013,-122.026154
Contra Costa,3,weekday,CO,0.01060658,37.936013,-122.026154
Contra Costa,3,weekday,NO2,0.061136736,37.936013,-122.026154
Contra Costa,3,weekday,Ozone,0.359208153,37.936013,-122.026154
Contra Costa,3,weekday,SO2,0.013759277,37.936013,-122.026154
Contra Costa,3,weekend,CO,0.009818841,37.936013,-122.026154
Contra Costa,3,weekend,NO2,0.031467391,37.936013,-122.026154
Contra Costa,3,weekend,Ozone,0.419280538,37.936013,-122.026154
Contra Costa,3,weekend,SO2,0.011907322,37.936013,-122.026154
Contra Costa,4,weekday,CO,0.008840816,37.936013,-122.026154
Contra Costa,4,weekday,NO2,0.050596164,37.936013,-122.026154
Contra Costa,4,weekday,Ozone,0.487172012,37.936013,-122.026154
Contra Costa,4,weekday,SO2,0.017322377,37.936013,-122.026154
Contra Costa,4,weekend,CO,0.009230415,37.936013,-122.026154
Contra Costa,4,weekend,NO2,0.038320435,37.936013,-122.026154
Contra Costa,4,weekend,Ozone,0.461979617,37.936013,-122.026154
Contra Costa,4,weekend,SO2,0.01594952,37.936013,-122.026154
Contra Costa,5,weekday,CO,0.007360775,37.936013,-122.026154
Contra Costa,5,weekday,NO2,0.044306275,37.936013,-122.026154
Contra Costa,5,weekday,Ozone,0.438218554,37.936013,-122.026154
Contra Costa,5,weekday,SO2,0.016165424,37.936013,-122.026154
Contra Costa,5,weekend,CO,0.007389004,37.936013,-122.026154
Contra Costa,5,weekend,NO2,0.033475845,37.936013,-122.026154
Contra Costa,5,weekend,Ozone,0.452467219,37.936013,-122.026154
Contra Costa,5,weekend,SO2,0.016322296,37.936013,-122.026154
Contra Costa,6,weekday,CO,0.006004523,37.936013,-122.026154
Contra Costa,6,weekday,NO2,0.044520958,37.936013,-122.026154
Contra Costa,6,weekday,Ozone,0.417721699,37.936013,-122.026154
Contra Costa,6,weekday,SO2,0.01754009,37.936013,-122.026154
Contra Costa,6,weekend,CO,0.006368831,37.936013,-122.026154
Contra Costa,6,weekend,NO2,0.042984308,37.936013,-122.026154
Contra Costa,6,weekend,Ozone,0.475524761,37.936013,-122.026154
Contra Costa,6,weekend,SO2,0.019046192,37.936013,-122.026154
Contra Costa,7,weekday,CO,0.005112365,37.936013,-122.026154
Contra Costa,7,weekday,NO2,0.04432918,37.936013,-122.026154
Contra Costa,7,weekday,Ozone,0.367927607,37.936013,-122.026154
Contra Costa,7,weekday,SO2,0.017805018,37.936013,-122.026154
Contra Costa,7,weekend,CO,0.004993789,37.936013,-122.026154
Contra Costa,7,weekend,NO2,0.032479348,37.936013,-122.026154
Contra Costa,7,weekend,Ozone,0.363121118,37.936013,-122.026154
Contra Costa,7,weekend,SO2,0.01596748,37.936013,-122.026154
Contra Costa,8,weekday,CO,0.008227836,37.936013,-122.026154
Contra Costa,8,weekday,NO2,0.043279533,37.936013,-122.026154
Contra Costa,8,weekday,Ozone,0.365950436,37.936013,-122.026154
Contra Costa,8,weekday,SO2,0.015420367,37.936013,-122.026154
Contra Costa,8,weekend,CO,0.008995859,37.936013,-122.026154
Contra Costa,8,weekend,NO2,0.035052174,37.936013,-122.026154
Contra Costa,8,weekend,Ozone,0.40300854,37.936013,-122.026154
Contra Costa,8,weekend,SO2,0.01460735,37.936013,-122.026154
Contra Costa,9,weekday,CO,0.009702578,37.936013,-122.026154
Contra Costa,9,weekday,NO2,0.060891035,37.936013,-122.026154
Contra Costa,9,weekday,Ozone,0.407372815,37.936013,-122.026154
Contra Costa,9,weekday,SO2,0.016646984,37.936013,-122.026154
Contra Costa,9,weekend,CO,0.010191511,37.936013,-122.026154
Contra Costa,9,weekend,NO2,0.050380435,37.936013,-122.026154
Contra Costa,9,weekend,Ozone,0.399204193,37.936013,-122.026154
Contra Costa,9,weekend,SO2,0.017391195,37.936013,-122.026154
Contra Costa,10,weekday,CO,0.008936508,37.936013,-122.026154
Contra Costa,10,weekday,NO2,0.073106604,37.936013,-122.026154
Contra Costa,10,weekday,Ozone,0.320941981,37.936013,-122.026154
Contra Costa,10,weekday,SO2,0.014870994,37.936013,-122.026154
Contra Costa,10,weekend,CO,0.008377374,37.936013,-122.026154
Contra Costa,10,weekend,NO2,0.054908894,37.936013,-122.026154
Contra Costa,10,weekend,Ozone,0.399736597,37.936013,-122.026154
Contra Costa,10,weekend,SO2,0.015502708,37.936013,-122.026154
Contra Costa,11,weekday,CO,0.010142952,37.936013,-122.026154
Contra Costa,11,weekday,NO2,0.094879422,37.936013,-122.026154
Contra Costa,11,weekday,Ozone,0.230837193,37.936013,-122.026154
Contra Costa,11,weekday,SO2,0.016673516,37.936013,-122.026154
Contra Costa,11,weekend,CO,0.008825052,37.936013,-122.026154
Contra Costa,11,weekend,NO2,0.063487772,37.936013,-122.026154
Contra Costa,11,weekend,Ozone,0.316711957,37.936013,-122.026154
Contra Costa,11,weekend,SO2,0.014637037,37.936013,-122.026154
Contra Costa,12,weekday,CO,0.012740294,37.936013,-122.026154
Contra Costa,12,weekday,NO2,0.108419249,37.936013,-122.026154
Contra Costa,12,weekday,Ozone,0.216424802,37.936013,-122.026154
Contra Costa,12,weekday,SO2,0.018375676,37.936013,-122.026154
Contra Costa,12,weekend,CO,0.012183115,37.936013,-122.026154
Contra Costa,12,weekend,NO2,0.092028986,37.936013,-122.026154
Contra Costa,12,weekend,Ozone,0.241502067,37.936013,-122.026154
Contra Costa,12,weekend,SO2,0.017158039,37.936013,-122.026154
Fresno,1,weekday,CO,0.010383926,36.785322,-119.774174
Fresno,1,weekday,NO2,0.109595013,36.705506,-119.741966
Fresno,1,weekday,Ozone,0.223999474,36.705506,-119.741966
Fresno,1,weekday,SO2,0.00072553,36.785322,-119.774174
Fresno,1,weekend,CO,0.009224478,36.785322,-119.774174
Fresno,1,weekend,NO2,0.094988095,36.705506,-119.741966
Fresno,1,weekend,Ozone,0.289584087,36.705506,-119.741966
Fresno,1,weekend,SO2,0.000522222,36.785322,-119.774174
Fresno,2,weekday,CO,0.014392293,36.785322,-119.774174
Fresno,2,weekday,NO2,0.140325284,36.705506,-119.741966
Fresno,2,weekday,Ozone,0.301756369,36.705506,-119.741966
Fresno,2,weekday,SO2,0.001661202,36.785322,-119.774174
Fresno,2,weekend,CO,0.014395238,36.785322,-119.774174
Fresno,2,weekend,NO2,0.108853681,36.705506,-119.741966
Fresno,2,weekend,Ozone,0.286187472,36.705506,-119.741966
Fresno,2,weekend,SO2,0.001020833,36.785322,-119.774174
Fresno,3,weekday,CO,0.011184414,36.785322,-119.774174
Fresno,3,weekday,NO2,0.093088404,36.705506,-119.741966
Fresno,3,weekday,Ozone,0.394792871,36.705506,-119.741966
Fresno,3,weekday,SO2,0.001036205,36.785322,-119.774174
Fresno,3,weekend,CO,0.01162478,36.785322,-119.774174
Fresno,3,weekend,NO2,0.064064516,36.705506,-119.741966
Fresno,3,weekend,Ozone,0.414845024,36.705506,-119.741966
Fresno,3,weekend,SO2,0.000631944,36.785322,-119.774174
Fresno,4,weekday,CO,0.005502414,36.785322,-119.774174
Fresno,4,weekday,NO2,0.077542845,36.705506,-119.741966
Fresno,4,weekday,Ozone,0.528426418,36.705506,-119.741966
Fresno,4,weekday,SO2,0.004115702,36.785322,-119.774174
Fresno,4,weekend,CO,0.005693333,36.785322,-119.774174
Fresno,4,weekend,NO2,0.061222574,36.705506,-119.741966
Fresno,4,weekend,Ozone,0.51290156,36.705506,-119.741966
Fresno,4,weekend,SO2,0.002892019,36.785322,-119.774174
Fresno,5,weekday,CO,0.005424454,36.785322,-119.774174
Fresno,5,weekday,NO2,0.077083518,36.705506,-119.741966
Fresno,5,weekday,Ozone,0.568324223,36.705506,-119.741966
Fresno,5,weekday,SO2,0.009248677,36.785322,-119.774174
Fresno,5,weekend,CO,0.004859416,36.785322,-119.774174
Fresno,5,weekend,NO2,0.048633645,36.705506,-119.741966
Fresno,5,weekend,Ozone,0.547984836,36.705506,-119.741966
Fresno,5,weekend,SO2,0.005267652,36.785322,-119.774174
Fresno,6,weekday,CO,0.005324182,36.785322,-119.774174
Fresno,6,weekday,NO2,0.08360223,36.705506,-119.741966
Fresno,6,weekday,Ozone,0.658301048,36.705506,-119.741966
Fresno,6,weekday,SO2,0.014551408,36.785322,-119.774174
Fresno,6,weekend,CO,0.005689673,36.785322,-119.774174
Fresno,6,weekend,NO2,0.069747232,36.705506,-119.741966
Fresno,6,weekend,Ozone,0.68287717,36.705506,-119.741966
Fresno,6,weekend,SO2,0.017836879,36.785322,-119.774174
Fresno,7,weekday,CO,0.005815944,36.785322,-119.774174
Fresno,7,weekday,NO2,0.09352698,36.705506,-119.741966
Fresno,7,weekday,Ozone,0.696015462,36.705506,-119.741966
Fresno,7,weekday,SO2,0.011678255,36.785322,-119.774174
Fresno,7,weekend,CO,0.005643365,36.785322,-119.774174
Fresno,7,weekend,NO2,0.069780967,36.705506,-119.741966
Fresno,7,weekend,Ozone,0.664381317,36.705506,-119.741966
Fresno,7,weekend,SO2,0.013753191,36.785322,-119.774174
Fresno,8,weekday,CO,0.00683253,36.785322,-119.774174
Fresno,8,weekday,NO2,0.107376164,36.705506,-119.741966
Fresno,8,weekday,Ozone,0.670902358,36.705506,-119.741966
Fresno,8,weekday,SO2,0.010326505,36.785322,-119.774174
Fresno,8,weekend,CO,0.00683358,36.785322,-119.774174
Fresno,8,weekend,NO2,0.07538972,36.705506,-119.741966
Fresno,8,weekend,Ozone,0.704267745,36.705506,-119.741966
Fresno,8,weekend,SO2,0.008843972,36.785322,-119.774174
Fresno,9,weekday,CO,0.006999462,36.785322,-119.774174
Fresno,9,weekday,NO2,0.124417459,36.705506,-119.741966
Fresno,9,weekday,Ozone,0.56149692,36.705506,-119.741966
Fresno,9,weekday,SO2,0.00968815,36.785322,-119.774174
Fresno,9,weekend,CO,0.006792304,36.785322,-119.774174
Fresno,9,weekend,NO2,0.099195467,36.705506,-119.741966
Fresno,9,weekend,Ozone,0.588350068,36.705506,-119.741966
Fresno,9,weekend,SO2,0.012815686,36.785322,-119.774174
Fresno,10,weekday,CO,0.007754553,36.785322,-119.774174
Fresno,10,weekday,NO2,0.15171569,36.705506,-119.741966
Fresno,10,weekday,Ozone,0.39981323,36.705506,-119.741966
Fresno,10,weekday,SO2,0.005107864,36.785322,-119.774174
Fresno,10,weekend,CO,0.007354663,36.785322,-119.774174
Fresno,10,weekend,NO2,0.108094159,36.705506,-119.741966
Fresno,10,weekend,Ozone,0.449350649,36.705506,-119.741966
Fresno,10,weekend,SO2,0.0055,36.785322,-119.774174
Fresno,11,weekday,CO,0.010385667,36.785322,-119.774174
Fresno,11,weekday,NO2,0.15443993,36.705506,-119.741966
Fresno,11,weekday,Ozone,0.291538238,36.705506,-119.741966
Fresno,11,weekday,SO2,0.003055884,36.785322,-119.774174
Fresno,11,weekend,CO,0.008828112,36.785322,-119.774174
Fresno,11,weekend,NO2,0.117245943,36.705506,-119.741966
Fresno,11,weekend,Ozone,0.356088809,36.705506,-119.741966
Fresno,11,weekend,SO2,0.003005405,36.785322,-119.774174
Fresno,12,weekday,CO,0.012588417,36.785322,-119.774174
Fresno,12,weekday,NO2,0.148440205,36.705506,-119.741966
Fresno,12,weekday,Ozone,0.173186147,36.705506,-119.741966
Fresno,12,weekday,SO2,0.002800257,36.785322,-119.774174
Fresno,12,weekend,CO,0.010560799,36.785322,-119.774174
Fresno,12,weekend,NO2,0.115123545,36.705506,-119.741966
Fresno,12,weekend,Ozone,0.233850479,36.705506,-119.741966
Fresno,12,weekend,SO2,0.002654147,36.785322,-119.774174
Humboldt,1,weekday,CO,0.007578031,40.776944,-124.1775
Humboldt,1,weekday,NO2,0.01572979,40.776944,-124.1775
Humboldt,1,weekday,Ozone,0.413528139,40.776944,-124.1775
Humboldt,1,weekday,SO2,0.007547646,40.776944,-124.1775
Humboldt,1,weekend,CO,0.007803738,40.776944,-124.1775
Humboldt,1,weekend,NO2,0.020090206,40.776944,-124.1775
Humboldt,1,weekend,Ozone,0.436980999,40.776944,-124.1775
Humboldt,1,weekend,SO2,0.0082038,40.776944,-124.1775
Humboldt,2,weekday,CO,0.00862614,40.776944,-124.1775
Humboldt,2,weekday,NO2,0.026386414,40.776944,-124.1775
Humboldt,2,weekday,Ozone,0.319192547,40.776944,-124.1775
Humboldt,2,weekday,SO2,0.007277716,40.776944,-124.1775
Humboldt,2,weekend,CO,0.008770186,40.776944,-124.1775
Humboldt,2,weekend,NO2,0.02446519,40.776944,-124.1775
Humboldt,2,weekend,Ozone,0.329270424,40.776944,-124.1775
Humboldt,2,weekend,SO2,0.0062827,40.776944,-124.1775
Humboldt,3,weekday,CO,0.006321839,40.776944,-124.1775
Humboldt,3,weekday,NO2,0.020050797,40.776944,-124.1775
Humboldt,3,weekday,Ozone,0.41489303,40.776944,-124.1775
Humboldt,3,weekday,SO2,0.000642136,40.776944,-124.1775
Humboldt,3,weekend,CO,0.006225649,40.776944,-124.1775
Humboldt,3,weekend,NO2,0.0128,40.776944,-124.1775
Humboldt,3,weekend,Ozone,0.504117647,40.776944,-124.1775
Humboldt,3,weekend,SO2,0.000334528,40.776944,-124.1775
Humboldt,4,weekday,CO,0.006,40.776944,-124.1775
Humboldt,4,weekday,NO2,0.023694805,40.776944,-124.1775
Humboldt,4,weekday,Ozone,0.474246534,40.776944,-124.1775
Humboldt,4,weekday,SO2,0.00096614,40.776944,-124.1775
Humboldt,4,weekend,CO,0.005791506,40.776944,-124.1775
Humboldt,4,weekend,NO2,0.017948586,40.776944,-124.1775
Humboldt,4,weekend,Ozone,0.433698727,40.776944,-124.1775
Humboldt,4,weekend,SO2,0.000966024,40.776944,-124.1775
Humboldt,5,weekday,CO,0.005817422,40.776944,-124.1775
Humboldt,5,weekday,NO2,0.025072375,40.776944,-124.1775
Humboldt,5,weekday,Ozone,0.415854006,40.776944,-124.1775
Humboldt,5,weekday,SO2,0.002031293,40.776944,-124.1775
Humboldt,5,weekend,CO,0.005592857,40.776944,-124.1775
Humboldt,5,weekend,NO2,0.020537838,40.776944,-124.1775
Humboldt,5,weekend,Ozone,0.407563025,40.776944,-124.1775
Humboldt,5,weekend,SO2,0.001853832,40.776944,-124.1775
Humboldt,6,weekday,CO,0.004727541,40.776944,-124.1775
Humboldt,6,weekday,NO2,0.01543662,40.776944,-124.1775
Humboldt,6,weekday,Ozone,0.339952823,40.776944,-124.1775
Humboldt,6,weekday,SO2,0.002002442,40.776944,-124.1775
Humboldt,6,weekend,CO,0.00489562,40.776944,-124.1775
Humboldt,6,weekend,NO2,0.01361442,40.776944,-124.1775
Humboldt,6,weekend,Ozone,0.345572264,40.776944,-124.1775
Humboldt,6,weekend,SO2,0.00200995,40.776944,-124.1775
Humboldt,7,weekday,CO,0.004231053,40.776944,-124.1775
Humboldt,7,weekday,NO2,0.009421842,40.776944,-124.1775
Humboldt,7,weekday,Ozone,0.245302714,40.776944,-124.1775
Humboldt,7,weekday,SO2,0.003581921,40.776944,-124.1775
Humboldt,7,weekend,CO,0.00416476,40.776944,-124.1775
Humboldt,7,weekend,NO2,0.006329949,40.776944,-124.1775
Humboldt,7,weekend,Ozone,0.263413816,40.776944,-124.1775
Humboldt,7,weekend,SO2,0.003570732,40.776944,-124.1775
Humboldt,8,weekday,CO,0.006008837,40.776944,-124.1775
Humboldt,8,weekday,NO2,0.009625123,40.776944,-124.1775
Humboldt,8,weekday,Ozone,0.244404876,40.776944,-124.1775
Humboldt,8,weekday,SO2,0.005483748,40.776944,-124.1775
Humboldt,8,weekend,CO,0.006122449,40.776944,-124.1775
Humboldt,8,weekend,NO2,0.008675,40.776944,-124.1775
Humboldt,8,weekend,Ozone,0.276608187,40.776944,-124.1775
Humboldt,8,weekend,SO2,0.005260606,40.776944,-124.1775
Humboldt,9,weekday,CO,0.004829456,40.776944,-124.1775
Humboldt,9,weekday,NO2,0.014851464,40.776944,-124.1775
Humboldt,9,weekday,Ozone,0.303323263,40.776944,-124.1775
Humboldt,9,weekday,SO2,0.005707434,40.776944,-124.1775
Humboldt,9,weekend,CO,0.004645892,40.776944,-124.1775
Humboldt,9,weekend,NO2,0.011890625,40.776944,-124.1775
Humboldt,9,weekend,Ozone,0.256807708,40.776944,-124.1775
Humboldt,9,weekend,SO2,0.006093827,40.776944,-124.1775
Humboldt,10,weekday,CO,0.0073264,40.776944,-124.1775
Humboldt,10,weekday,NO2,0.018286832,40.776944,-124.1775
Humboldt,10,weekday,Ozone,0.349445746,40.776944,-124.1775
Humboldt,10,weekday,SO2,0.000119048,40.776944,-124.1775
Humboldt,10,weekend,CO,0.007079881,40.776944,-124.1775
Humboldt,10,weekend,NO2,0.011630137,40.776944,-124.1775
Humboldt,10,weekend,Ozone,0.368815745,40.776944,-124.1775
Humboldt,10,weekend,SO2,0.000425926,40.776944,-124.1775
Humboldt,11,weekday,CO,0.009389474,40.776944,-124.1775
Humboldt,11,weekday,NO2,0.018785897,40.776944,-124.1775
Humboldt,11,weekday,Ozone,0.350872854,40.776944,-124.1775
Humboldt,11,weekday,SO2,0.001329983,40.776944,-124.1775
Humboldt,11,weekend,CO,0.009180609,40.776944,-124.1775
Humboldt,11,weekend,NO2,0.011712551,40.776944,-124.1775
Humboldt,11,weekend,Ozone,0.411027569,40.776944,-124.1775
Humboldt,11,weekend,SO2,0.000892388,40.776944,-124.1775
Humboldt,12,weekday,CO,0.008126439,40.776944,-124.1775
Humboldt,12,weekday,NO2,0.035724138,40.776944,-124.1775
Humboldt,12,weekday,Ozone,0.318972272,40.776944,-124.1775
Humboldt,12,weekday,SO2,0.003300603,40.776944,-124.1775
Humboldt,12,weekend,CO,0.00809924,40.776944,-124.1775
Humboldt,12,weekend,NO2,0.030810997,40.776944,-124.1775
Humboldt,12,weekend,Ozone,0.338470497,40.776944,-124.1775
Humboldt,12,weekend,SO2,0.003313661,40.776944,-124.1775
Imperial,1,weekday,CO,0.019108168,32.676186,-115.484144
Imperial,1,weekday,NO2,0.14230625,32.676186,-115.484144
Imperial,1,weekday,Ozone,0.263145597,32.676186,-115.484144
Imperial,1,weekday,SO2,0.008735823,32.676186,-115.484144
Imperial,1,weekend,CO,0.015872298,32.676186,-115.484144
Imperial,1,weekend,NO2,0.108426087,32.676186,-115.484144
Imperial,1,weekend,Ozone,0.309075224,32.676186,-115.484144
Imperial,1,weekend,SO2,0.008313043,32.676186,-115.484144
Imperial,2,weekday,CO,0.016387643,32.676186,-115.484144
Imperial,2,weekday,NO2,0.124675476,32.676186,-115.484144
Imperial,2,weekday,Ozone,0.342495187,32.676186,-115.484144
Imperial,2,weekday,SO2,0.010950774,32.676186,-115.484144
Imperial,2,weekend,CO,0.015011335,32.676186,-115.484144
Imperial,2,weekend,NO2,0.120855978,32.676186,-115.484144
Imperial,2,weekend,Ozone,0.4026218,32.676186,-115.484144
Imperial,2,weekend,SO2,0.010094203,32.676186,-115.484144
Imperial,3,weekday,CO,0.008005899,32.676186,-115.484144
Imperial,3,weekday,NO2,0.077460653,32.676186,-115.484144
Imperial,3,weekday,Ozone,0.466011905,32.676186,-115.484144
Imperial,3,weekday,SO2,0.012043093,32.676186,-115.484144
Imperial,3,weekend,CO,0.006684969,32.676186,-115.484144
Imperial,3,weekend,NO2,0.063057065,32.676186,-115.484144
Imperial,3,weekend,Ozone,0.47849886,32.676186,-115.484144
Imperial,3,weekend,SO2,0.014253623,32.676186,-115.484144
Imperial,4,weekday,CO,0.004438817,32.676186,-115.484144
Imperial,4,weekday,NO2,0.058697895,32.676186,-115.484144
Imperial,4,weekday,Ozone,0.546667168,32.676186,-115.484144
Imperial,4,weekday,SO2,0.010180028,32.676186,-115.484144
Imperial,4,weekend,CO,0.003748423,32.676186,-115.484144
Imperial,4,weekend,NO2,0.044523077,32.676186,-115.484144
Imperial,4,weekend,Ozone,0.504152618,32.676186,-115.484144
Imperial,4,weekend,SO2,0.007731884,32.676186,-115.484144
Imperial,5,weekday,CO,0.003639297,32.676186,-115.484144
Imperial,5,weekday,NO2,0.045149344,32.676186,-115.484144
Imperial,5,weekday,Ozone,0.557582085,32.676186,-115.484144
Imperial,5,weekday,SO2,0.01139538,32.676186,-115.484144
Imperial,5,weekend,CO,0.002650449,32.676186,-115.484144
Imperial,5,weekend,NO2,0.025270531,32.676186,-115.484144
Imperial,5,weekend,Ozone,0.558005521,32.676186,-115.484144
Imperial,5,weekend,SO2,0.00894686,32.676186,-115.484144
Imperial,6,weekday,CO,0.007645569,32.676186,-115.484144
Imperial,6,weekday,NO2,0.057324975,32.676186,-115.484144
Imperial,6,weekday,Ozone,0.542935557,32.676186,-115.484144
Imperial,6,weekday,SO2,0.017515152,32.676186,-115.484144
Imperial,6,weekend,CO,0.005437422,32.676186,-115.484144
Imperial,6,weekend,NO2,0.035255435,32.676186,-115.484144
Imperial,6,weekend,Ozone,0.511257764,32.676186,-115.484144
Imperial,6,weekend,SO2,0.008869565,32.676186,-115.484144
Imperial,7,weekday,CO,0.005977279,32.676186,-115.484144
Imperial,7,weekday,NO2,0.058520833,32.676186,-115.484144
Imperial,7,weekday,Ozone,0.54160362,32.676186,-115.484144
Imperial,7,weekday,SO2,0.011920736,32.676186,-115.484144
Imperial,7,weekend,CO,0.00496363,32.676186,-115.484144
Imperial,7,weekend,NO2,0.036982609,32.676186,-115.484144
Imperial,7,weekend,Ozone,0.45363354,32.676186,-115.484144
Imperial,7,weekend,SO2,0.009026087,32.676186,-115.484144
Imperial,8,weekday,CO,0.005548384,32.676186,-115.484144
Imperial,8,weekday,NO2,0.060904808,32.676186,-115.484144
Imperial,8,weekday,Ozone,0.431422738,32.676186,-115.484144
Imperial,8,weekday,SO2,0.008038168,32.676186,-115.484144
Imperial,8,weekend,CO,0.005056755,32.676186,-115.484144
Imperial,8,weekend,NO2,0.052741848,32.676186,-115.484144
Imperial,8,weekend,Ozone,0.465988372,32.676186,-115.484144
Imperial,8,weekend,SO2,0.01026087,32.676186,-115.484144
Imperial,9,weekday,CO,0.004536876,32.676186,-115.484144
Imperial,9,weekday,NO2,0.068045635,32.676186,-115.484144
Imperial,9,weekday,Ozone,0.443515904,32.676186,-115.484144
Imperial,9,weekday,SO2,0.004440053,32.676186,-115.484144
Imperial,9,weekend,CO,0.003343323,32.676186,-115.484144
Imperial,9,weekend,NO2,0.052453804,32.676186,-115.484144
Imperial,9,weekend,Ozone,0.472903727,32.676186,-115.484144
Imperial,9,weekend,SO2,0.004543478,32.676186,-115.484144
Imperial,10,weekday,CO,0.006078183,32.676186,-115.484144
Imperial,10,weekday,NO2,0.098946581,32.676186,-115.484144
Imperial,10,weekday,Ozone,0.388367512,32.676186,-115.484144
Imperial,10,weekday,SO2,0.00610084,32.676186,-115.484144
Imperial,10,weekend,CO,0.005643602,32.676186,-115.484144
Imperial,10,weekend,NO2,0.089158696,32.676186,-115.484144
Imperial,10,weekend,Ozone,0.380004778,32.676186,-115.484144
Imperial,10,weekend,SO2,0.011084058,32.676186,-115.484144
Imperial,11,weekday,CO,0.007623461,32.676186,-115.484144
Imperial,11,weekday,NO2,0.116978261,32.676186,-115.484144
Imperial,11,weekday,Ozone,0.286217228,32.676186,-115.484144
Imperial,11,weekday,SO2,0.005820817,32.676186,-115.484144
Imperial,11,weekend,CO,0.008243051,32.676186,-115.484144
Imperial,11,weekend,NO2,0.107904891,32.676186,-115.484144
Imperial,11,weekend,Ozone,0.294989107,32.676186,-115.484144
Imperial,11,weekend,SO2,0.009210145,32.676186,-115.484144
Imperial,12,weekday,CO,0.009388946,32.676186,-115.484144
Imperial,12,weekday,NO2,0.14503667,32.676186,-115.484144
Imperial,12,weekday,Ozone,0.22556115,32.676186,-115.484144
Imperial,12,weekday,SO2,0.007112871,32.676186,-115.484144
Imperial,12,weekend,CO,0.0088755,32.676186,-115.484144
Imperial,12,weekend,NO2,0.106021739,32.676186,-115.484144
Imperial,12,weekend,Ozone,0.301138716,32.676186,-115.484144
Imperial,12,weekend,SO2,0.006357488,32.676186,-115.484144
Los Angeles,1,weekday,CO,0.013382628,34.1365,-117.92391
Los Angeles,1,weekday,NO2,0.215075967,34.1365,-117.92391
Los Angeles,1,weekday,Ozone,0.241487074,34.1365,-117.92391
Los Angeles,1,weekday,SO2,0.007016507,34.06659,-118.22688
Los Angeles,1,weekend,CO,0.012383258,34.1365,-117.92391
Los Angeles,1,weekend,NO2,0.161817674,34.1365,-117.92391
Los Angeles,1,weekend,Ozone,0.294349527,34.1365,-117.92391
Los Angeles,1,weekend,SO2,0.005382188,34.06659,-118.22688
Los Angeles,2,weekday,CO,0.01388251,34.1365,-117.92391
Los Angeles,2,weekday,NO2,0.237033646,34.1365,-117.92391
Los Angeles,2,weekday,Ozone,0.346882009,34.1365,-117.92391
Los Angeles,2,weekday,SO2,0.009274159,34.06659,-118.22688
Los Angeles,2,weekend,CO,0.014617546,34.1365,-117.92391
Los Angeles,2,weekend,NO2,0.202270505,34.1365,-117.92391
Los Angeles,2,weekend,Ozone,0.404189892,34.1365,-117.92391
Los Angeles,2,weekend,SO2,0.007965999,34.06659,-118.22688
Los Angeles,3,weekday,CO,0.010494795,34.1365,-117.92391
Los Angeles,3,weekday,NO2,0.161884933,34.1365,-117.92391
Los Angeles,3,weekday,Ozone,0.413998142,34.1365,-117.92391
Los Angeles,3,weekday,SO2,0.006952189,34.06659,-118.22688
Los Angeles,3,weekend,CO,0.008270827,34.1365,-117.92391
Los Angeles,3,weekend,NO2,0.089473956,34.1365,-117.92391
Los Angeles,3,weekend,Ozone,0.495095767,34.1365,-117.92391
Los Angeles,3,weekend,SO2,0.004423497,34.06659,-118.22688
Los Angeles,4,weekday,CO,0.009036054,34.1365,-117.92391
Los Angeles,4,weekday,NO2,0.14151853,34.1365,-117.92391
Los Angeles,4,weekday,Ozone,0.488792383,34.1365,-117.92391
Los Angeles,4,weekday,SO2,0.006105263,34.06659,-118.22688
Los Angeles,4,weekend,CO,0.008701061,34.1365,-117.92391
Los Angeles,4,weekend,NO2,0.10287045,34.1365,-117.92391
Los Angeles,4,weekend,Ozone,0.515053939,34.1365,-117.92391
Los Angeles,4,weekend,SO2,0.00520244,34.06659,-118.22688
Los Angeles,5,weekday,CO,0.006364165,34.1365,-117.92391
Los Angeles,5,weekday,NO2,0.097377494,34.1365,-117.92391
Los Angeles,5,weekday,Ozone,0.486776077,34.1365,-117.92391
Los Angeles,5,weekday,SO2,0.004871685,34.06659,-118.22688
Los Angeles,5,weekend,CO,0.005609288,34.1365,-117.92391
Los Angeles,5,weekend,NO2,0.05874131,34.1365,-117.92391
Los Angeles,5,weekend,Ozone,0.508434592,34.1365,-117.92391
Los Angeles,5,weekend,SO2,0.00431453,34.06659,-118.22688
Los Angeles,6,weekday,CO,0.007818828,34.1365,-117.92391
Los Angeles,6,weekday,NO2,0.121828903,34.1365,-117.92391
Los Angeles,6,weekday,Ozone,0.547689443,34.1365,-117.92391
Los Angeles,6,weekday,SO2,0.008583279,34.06659,-118.22688
Los Angeles,6,weekend,CO,0.007659263,34.1365,-117.92391
Los Angeles,6,weekend,NO2,0.092227074,34.1365,-117.92391
Los Angeles,6,weekend,Ozone,0.578326391,34.1365,-117.92391
Los Angeles,6,weekend,SO2,0.007259524,34.06659,-118.22688
Los Angeles,7,weekday,CO,0.006810354,34.1365,-117.92391
Los Angeles,7,weekday,NO2,0.11876645,34.1365,-117.92391
Los Angeles,7,weekday,Ozone,0.534886846,34.1365,-117.92391
Los Angeles,7,weekday,SO2,0.009897185,34.06659,-118.22688
Los Angeles,7,weekend,CO,0.006364482,34.1365,-117.92391
Los Angeles,7,weekend,NO2,0.08040625,34.1365,-117.92391
Los Angeles,7,weekend,Ozone,0.525834627,34.1365,-117.92391
Los Angeles,7,weekend,SO2,0.007189922,34.06659,-118.22688
Los Angeles,8,weekday,CO,0.007556823,34.1365,-117.92391
Los Angeles,8,weekday,NO2,0.132505871,34.1365,-117.92391
Los Angeles,8,weekday,Ozone,0.487820403,34.1365,-117.92391
Los Angeles,8,weekday,SO2,0.008264289,34.06659,-118.22688
Los Angeles,8,weekend,CO,0.006918292,34.1365,-117.92391
Los Angeles,8,weekend,NO2,0.094150631,34.1365,-117.92391
Los Angeles,8,weekend,Ozone,0.518164973,34.1365,-117.92391
Los Angeles,8,weekend,SO2,0.007154895,34.06659,-118.22688
Los Angeles,9,weekday,CO,0.008482554,34.1365,-117.92391
Los Angeles,9,weekday,NO2,0.146326235,34.1365,-117.92391
Los Angeles,9,weekday,Ozone,0.427102268,34.1365,-117.92391
Los Angeles,9,weekday,SO2,0.008669231,34.06659,-118.22688
Los Angeles,9,weekend,CO,0.009069402,34.1365,-117.92391
Los Angeles,9,weekend,NO2,0.127746251,34.1365,-117.92391
Los Angeles,9,weekend,Ozone,0.488500444,34.1365,-117.92391
Los Angeles,9,weekend,SO2,0.009414352,34.06659,-118.22688
Los Angeles,10,weekday,CO,0.011212562,34.1365,-117.92391
Los Angeles,10,weekday,NO2,0.187316756,34.1365,-117.92391
Los Angeles,10,weekday,Ozone,0.327602752,34.1365,-117.92391
Los Angeles,10,weekday,SO2,0.008367292,34.06659,-118.22688
Los Angeles,10,weekend,CO,0.010325245,34.1365,-117.92391
Los Angeles,10,weekend,NO2,0.139714592,34.1365,-117.92391
Los Angeles,10,weekend,Ozone,0.348754915,34.1365,-117.92391
Los Angeles,10,weekend,SO2,0.007543175,34.06659,-118.22688
Los Angeles,11,weekday,CO,0.015309132,34.1365,-117.92391
Los Angeles,11,weekday,NO2,0.23309677,34.1365,-117.92391
Los Angeles,11,weekday,Ozone,0.282117211,34.1365,-117.92391
Los Angeles,11,weekday,SO2,0.011105093,34.06659,-118.22688
Los Angeles,11,weekend,CO,0.015137372,34.1365,-117.92391
Los Angeles,11,weekend,NO2,0.197926272,34.1365,-117.92391
Los Angeles,11,weekend,Ozone,0.323380298,34.1365,-117.92391
Los Angeles,11,weekend,SO2,0.010478841,34.06659,-118.22688
Los Angeles,12,weekday,CO,0.014238943,34.1365,-117.92391
Los Angeles,12,weekday,NO2,0.206519956,34.1365,-117.92391
Los Angeles,12,weekday,Ozone,0.235854173,34.1365,-117.92391
Los Angeles,12,weekday,SO2,0.008982547,34.06659,-118.22688
Los Angeles,12,weekend,CO,0.01301104,34.1365,-117.92391
Los Angeles,12,weekend,NO2,0.159832797,34.1365,-117.92391
Los Angeles,12,weekend,Ozone,0.297209277,34.1365,-117.92391
Los Angeles,12,weekend,SO2,0.008908084,34.06659,-118.22688
Orange,1,weekday,CO,0.015625833,33.83062,-117.93845
Orange,1,weekday,NO2,0.252803343,33.83062,-117.93845
Orange,1,weekday,Ozone,0.236300897,33.83062,-117.93845
Orange,1,weekday,SO2,0.002514881,33.67464,-117.92568
Orange,1,weekend,CO,0.012878578,33.83062,-117.93845
Orange,1,weekend,NO2,0.180903587,33.83062,-117.93845
Orange,1,weekend,Ozone,0.300543913,33.83062,-117.93845
Orange,1,weekend,SO2,0.001394495,33.67464,-117.92568
Orange,2,weekday,CO,0.015494086,33.83062,-117.93845
Orange,2,weekday,NO2,0.261091198,33.83062,-117.93845
Orange,2,weekday,Ozone,0.364320445,33.83062,-117.93845
Orange,2,weekday,SO2,0.003495971,33.67464,-117.92568
Orange,2,weekend,CO,0.014578595,33.83062,-117.93845
Orange,2,weekend,NO2,0.206021828,33.83062,-117.93845
Orange,2,weekend,Ozone,0.43635468,33.83062,-117.93845
Orange,2,weekend,SO2,0.001646182,33.67464,-117.92568
Orange,3,weekday,CO,0.010726716,33.83062,-117.93845
Orange,3,weekday,NO2,0.170314759,33.83062,-117.93845
Orange,3,weekday,Ozone,0.451387512,33.83062,-117.93845
Orange,3,weekday,SO2,0.001034868,33.67464,-117.92568
Orange,3,weekend,CO,0.007840078,33.83062,-117.93845
Orange,3,weekend,NO2,0.094890411,33.83062,-117.93845
Orange,3,weekend,Ozone,0.515210547,33.83062,-117.93845
Orange,3,weekend,SO2,0.000218456,33.67464,-117.92568
Orange,4,weekday,CO,0.009169996,33.83062,-117.93845
Orange,4,weekday,NO2,0.139868278,33.83062,-117.93845
Orange,4,weekday,Ozone,0.52625,33.83062,-117.93845
Orange,4,weekday,SO2,0.000960245,33.67464,-117.92568
Orange,4,weekend,CO,0.009069412,33.83062,-117.93845
Orange,4,weekend,NO2,0.109319205,33.83062,-117.93845
Orange,4,weekend,Ozone,0.55222829,33.83062,-117.93845
Orange,4,weekend,SO2,0.000503401,33.67464,-117.92568
Orange,5,weekday,CO,0.007331247,33.83062,-117.93845
Orange,5,weekday,NO2,0.096986361,33.83062,-117.93845
Orange,5,weekday,Ozone,0.508637524,33.83062,-117.93845
Orange,5,weekday,SO2,0.000214765,33.67464,-117.92568
Orange,5,weekend,CO,0.006639878,33.83062,-117.93845
Orange,5,weekend,NO2,0.065006242,33.83062,-117.93845
Orange,5,weekend,Ozone,0.522208589,33.83062,-117.93845
Orange,5,weekend,SO2,0.000165017,33.67464,-117.92568
Orange,6,weekday,CO,0.008797115,33.83062,-117.93845
Orange,6,weekday,NO2,0.100735458,33.83062,-117.93845
Orange,6,weekday,Ozone,0.535239556,33.83062,-117.93845
Orange,6,weekday,SO2,0.000627907,33.67464,-117.92568
Orange,6,weekend,CO,0.009237991,33.83062,-117.93845
Orange,6,weekend,NO2,0.094248641,33.83062,-117.93845
Orange,6,weekend,Ozone,0.528512478,33.83062,-117.93845
Orange,6,weekend,SO2,0.001145833,33.67464,-117.92568
Orange,7,weekday,CO,0.009394673,33.83062,-117.93845
Orange,7,weekday,NO2,0.112589759,33.83062,-117.93845
Orange,7,weekday,Ozone,0.501331226,33.83062,-117.93845
Orange,7,weekday,SO2,0.001405768,33.67464,-117.92568
Orange,7,weekend,CO,0.008403178,33.83062,-117.93845
Orange,7,weekend,NO2,0.064502375,33.83062,-117.93845
Orange,7,weekend,Ozone,0.463918757,33.83062,-117.93845
Orange,7,weekend,SO2,0.000524217,33.67464,-117.92568
Orange,8,weekday,CO,0.008852513,33.83062,-117.93845
Orange,8,weekday,NO2,0.107546096,33.83062,-117.93845
Orange,8,weekday,Ozone,0.474854681,33.83062,-117.93845
Orange,8,weekday,SO2,0.00082397,33.67464,-117.92568
Orange,8,weekend,CO,0.008433328,33.83062,-117.93845
Orange,8,weekend,NO2,0.088249333,33.83062,-117.93845
Orange,8,weekend,Ozone,0.510800924,33.83062,-117.93845
Orange,8,weekend,SO2,0.001625,33.67464,-117.92568
Orange,9,weekday,CO,0.01121752,33.83062,-117.93845
Orange,9,weekday,NO2,0.1431504,33.83062,-117.93845
Orange,9,weekday,Ozone,0.436163388,33.83062,-117.93845
Orange,9,weekday,SO2,0.000928236,33.67464,-117.92568
Orange,9,weekend,CO,0.011325975,33.83062,-117.93845
Orange,9,weekend,NO2,0.125426724,33.83062,-117.93845
Orange,9,weekend,Ozone,0.508141321,33.83062,-117.93845
Orange,9,weekend,SO2,0.001729167,33.67464,-117.92568
Orange,10,weekday,CO,0.015865264,33.83062,-117.93845
Orange,10,weekday,NO2,0.191449123,33.83062,-117.93845
Orange,10,weekday,Ozone,0.333376041,33.83062,-117.93845
Orange,10,weekday,SO2,0.001778672,33.67464,-117.92568
Orange,10,weekend,CO,0.013579776,33.83062,-117.93845
Orange,10,weekend,NO2,0.145947862,33.83062,-117.93845
Orange,10,weekend,Ozone,0.360569045,33.83062,-117.93845
Orange,10,weekend,SO2,0.001983333,33.67464,-117.92568
Orange,11,weekday,CO,0.016607837,33.83062,-117.93845
Orange,11,weekday,NO2,0.247852611,33.83062,-117.93845
Orange,11,weekday,Ozone,0.297098431,33.83062,-117.93845
Orange,11,weekday,SO2,0.003108586,33.67464,-117.92568
Orange,11,weekend,CO,0.015276786,33.83062,-117.93845
Orange,11,weekend,NO2,0.218121094,33.83062,-117.93845
Orange,11,weekend,Ozone,0.342987351,33.83062,-117.93845
Orange,11,weekend,SO2,0.002930556,33.67464,-117.92568
Orange,12,weekday,CO,0.01674949,33.83062,-117.93845
Orange,12,weekday,NO2,0.213982266,33.83062,-117.93845
Orange,12,weekday,Ozone,0.252291105,33.83062,-117.93845
Orange,12,weekday,SO2,0.002406312,33.67464,-117.92568
Orange,12,weekend,CO,0.014453305,33.83062,-117.93845
Orange,12,weekend,NO2,0.166958383,33.83062,-117.93845
Orange,12,weekend,Ozone,0.310616613,33.83062,-117.93845
Orange,12,weekend,SO2,0.001432099,33.67464,-117.92568
Riverside,1,weekday,CO,0.009753459,33.85275,-116.54101
Riverside,1,weekday,NO2,0.135142655,33.447867,-117.088649
Riverside,1,weekday,Ozone,0.345727956,33.7411,-115.8206
Riverside,1,weekday,SO2,0.003656357,33.99958,-117.41601
Riverside,1,weekend,CO,0.01010729,33.85275,-116.54101
Riverside,1,weekend,NO2,0.104399594,33.447867,-117.088649
Riverside,1,weekend,Ozone,0.364586862,33.7411,-115.8206
Riverside,1,weekend,SO2,0.003205556,33.99958,-117.41601
Riverside,2,weekday,CO,0.007919503,33.85275,-116.54101
Riverside,2,weekday,NO2,0.120065077,33.447867,-117.088649
Riverside,2,weekday,Ozone,0.454605362,33.7411,-115.8206
Riverside,2,weekday,SO2,0.003429333,33.99958,-117.41601
Riverside,2,weekend,CO,0.010168153,33.85275,-116.54101
Riverside,2,weekend,NO2,0.118233691,33.447867,-117.088649
Riverside,2,weekend,Ozone,0.536553481,33.7411,-115.8206
Riverside,2,weekend,SO2,0.003388889,33.99958,-117.41601
Riverside,3,weekday,CO,0.008073837,33.85275,-116.54101
Riverside,3,weekday,NO2,0.091848511,33.447867,-117.088649
Riverside,3,weekday,Ozone,0.536590473,33.7411,-115.8206
Riverside,3,weekday,SO2,0.002689266,33.99958,-117.41601
Riverside,3,weekend,CO,0.006122657,33.85275,-116.54101
Riverside,3,weekend,NO2,0.05415,33.447867,-117.088649
Riverside,3,weekend,Ozone,0.575226528,33.7411,-115.8206
Riverside,3,weekend,SO2,0.001390071,33.99958,-117.41601
Riverside,4,weekday,CO,0.006192897,33.85275,-116.54101
Riverside,4,weekday,NO2,0.074840037,33.447867,-117.088649
Riverside,4,weekday,Ozone,0.617186778,33.7411,-115.8206
Riverside,4,weekday,SO2,0.00362475,33.99958,-117.41601
Riverside,4,weekend,CO,0.005832797,33.85275,-116.54101
Riverside,4,weekend,NO2,0.054461053,33.447867,-117.088649
Riverside,4,weekend,Ozone,0.608497079,33.7411,-115.8206
Riverside,4,weekend,SO2,0.00258642,33.99958,-117.41601
Riverside,5,weekday,CO,0.00428963,33.85275,-116.54101
Riverside,5,weekday,NO2,0.047551897,33.447867,-117.088649
Riverside,5,weekday,Ozone,0.623254061,33.7411,-115.8206
Riverside,5,weekday,SO2,0.001149777,33.99958,-117.41601
Riverside,5,weekend,CO,0.003550774,33.85275,-116.54101
Riverside,5,weekend,NO2,0.033619119,33.447867,-117.088649
Riverside,5,weekend,Ozone,0.594447285,33.7411,-115.8206
Riverside,5,weekend,SO2,0.000845679,33.99958,-117.41601
Riverside,6,weekday,CO,0.005169456,33.85275,-116.54101
Riverside,6,weekday,NO2,0.057097166,33.447867,-117.088649
Riverside,6,weekday,Ozone,0.683950564,33.7411,-115.8206
Riverside,6,weekday,SO2,0.00209375,33.99958,-117.41601
Riverside,6,weekend,CO,0.005667253,33.85275,-116.54101
Riverside,6,weekend,NO2,0.054463472,33.447867,-117.088649
Riverside,6,weekend,Ozone,0.666833542,33.7411,-115.8206
Riverside,6,weekend,SO2,0.002305556,33.99958,-117.41601
Riverside,7,weekday,CO,0.005005974,33.85275,-116.54101
Riverside,7,weekday,NO2,0.058098087,33.447867,-117.088649
Riverside,7,weekday,Ozone,0.690166196,33.7411,-115.8206
Riverside,7,weekday,SO2,0.003710262,33.99958,-117.41601
Riverside,7,weekend,CO,0.004636641,33.85275,-116.54101
Riverside,7,weekend,NO2,0.039145925,33.447867,-117.088649
Riverside,7,weekend,Ozone,0.603745905,33.7411,-115.8206
Riverside,7,weekend,SO2,0.002661017,33.99958,-117.41601
Riverside,8,weekday,CO,0.005757727,33.85275,-116.54101
Riverside,8,weekday,NO2,0.06713588,33.447867,-117.088649
Riverside,8,weekday,Ozone,0.607677343,33.7411,-115.8206
Riverside,8,weekday,SO2,0.003803993,33.99958,-117.41601
Riverside,8,weekend,CO,0.005433739,33.85275,-116.54101
Riverside,8,weekend,NO2,0.056725932,33.447867,-117.088649
Riverside,8,weekend,Ozone,0.648743804,33.7411,-115.8206
Riverside,8,weekend,SO2,0.003347222,33.99958,-117.41601
Riverside,9,weekday,CO,0.007098987,33.85275,-116.54101
Riverside,9,weekday,NO2,0.08372804,33.447867,-117.088649
Riverside,9,weekday,Ozone,0.485271826,33.7411,-115.8206
Riverside,9,weekday,SO2,0.00417744,33.99958,-117.41601
Riverside,9,weekend,CO,0.007338372,33.85275,-116.54101
Riverside,9,weekend,NO2,0.075599511,33.447867,-117.088649
Riverside,9,weekend,Ozone,0.522253395,33.7411,-115.8206
Riverside,9,weekend,SO2,0.004361111,33.99958,-117.41601
Riverside,10,weekday,CO,0.008176761,33.85275,-116.54101
Riverside,10,weekday,NO2,0.109309413,33.447867,-117.088649
Riverside,10,weekday,Ozone,0.454171509,33.7411,-115.8206
Riverside,10,weekday,SO2,0.002901961,33.99958,-117.41601
Riverside,10,weekend,CO,0.009218935,33.85275,-116.54101
Riverside,10,weekend,NO2,0.091349186,33.447867,-117.088649
Riverside,10,weekend,Ozone,0.437420159,33.7411,-115.8206
Riverside,10,weekend,SO2,0.003792295,33.99958,-117.41601
Riverside,11,weekday,CO,0.01072597,33.85275,-116.54101
Riverside,11,weekday,NO2,0.123548329,33.447867,-117.088649
Riverside,11,weekday,Ozone,0.39879634,33.7411,-115.8206
Riverside,11,weekday,SO2,0.002418482,33.99958,-117.41601
Riverside,11,weekend,CO,0.013413923,33.85275,-116.54101
Riverside,11,weekend,NO2,0.118874595,33.447867,-117.088649
Riverside,11,weekend,Ozone,0.422892344,33.7411,-115.8206
Riverside,11,weekend,SO2,0.003406632,33.99958,-117.41601
Riverside,12,weekday,CO,0.008399585,33.85275,-116.54101
Riverside,12,weekday,NO2,0.116862492,33.447867,-117.088649
Riverside,12,weekday,Ozone,0.340080955,33.7411,-115.8206
Riverside,12,weekday,SO2,0.004828402,33.99958,-117.41601
Riverside,12,weekend,CO,0.007979697,33.85275,-116.54101
Riverside,12,weekend,NO2,0.084827399,33.447867,-117.088649
Riverside,12,weekend,Ozone,0.402310386,33.7411,-115.8206
Riverside,12,weekend,SO2,0.004072464,33.99958,-117.41601
Sacramento,1,weekday,CO,0.015402393,38.71209,-121.38109
Sacramento,1,weekday,NO2,0.086907887,38.71209,-121.38109
Sacramento,1,weekday,Ozone,0.251150584,38.71209,-121.38109
Sacramento,1,weekday,SO2,0.033706885,38.613779,-121.368014
Sacramento,1,weekend,CO,0.013939338,38.71209,-121.38109
Sacramento,1,weekend,NO2,0.06456925,38.71209,-121.38109
Sacramento,1,weekend,Ozone,0.315652098,38.71209,-121.38109
Sacramento,1,weekend,SO2,0.030034188,38.613779,-121.368014
Sacramento,2,weekday,CO,0.018791881,38.71209,-121.38109
Sacramento,2,weekday,NO2,0.109457592,38.71209,-121.38109
Sacramento,2,weekday,Ozone,0.293920606,38.71209,-121.38109
Sacramento,2,weekday,SO2,0.041125864,38.613779,-121.368014
Sacramento,2,weekend,CO,0.018910841,38.71209,-121.38109
Sacramento,2,weekend,NO2,0.08582129,38.71209,-121.38109
Sacramento,2,weekend,Ozone,0.257257326,38.71209,-121.38109
Sacramento,2,weekend,SO2,0.040560284,38.613779,-121.368014
Sacramento,3,weekday,CO,0.013654392,38.71209,-121.38109
Sacramento,3,weekday,NO2,0.072128033,38.71209,-121.38109
Sacramento,3,weekday,Ozone,0.34610006,38.71209,-121.38109
Sacramento,3,weekday,SO2,0.082054688,38.613779,-121.368014
Sacramento,3,weekend,CO,0.011996684,38.71209,-121.38109
Sacramento,3,weekend,NO2,0.02517247,38.71209,-121.38109
Sacramento,3,weekend,Ozone,0.418635049,38.71209,-121.38109
Sacramento,3,weekend,SO2,0.083802469,38.613779,-121.368014
Sacramento,4,weekday,CO,0.007910709,38.71209,-121.38109
Sacramento,4,weekday,NO2,0.057009877,38.71209,-121.38109
Sacramento,4,weekday,Ozone,0.479990638,38.71209,-121.38109
Sacramento,4,weekday,SO2,0.036868217,38.613779,-121.368014
Sacramento,4,weekend,CO,0.008010719,38.71209,-121.38109
Sacramento,4,weekend,NO2,0.041990502,38.71209,-121.38109
Sacramento,4,weekend,Ozone,0.455824772,38.71209,-121.38109
Sacramento,4,weekend,SO2,0.034257862,38.613779,-121.368014
Sacramento,5,weekday,CO,0.00716698,38.71209,-121.38109
Sacramento,5,weekday,NO2,0.050350474,38.71209,-121.38109
Sacramento,5,weekday,Ozone,0.464568871,38.71209,-121.38109
Sacramento,5,weekday,SO2,0.020995141,38.613779,-121.368014
Sacramento,5,weekend,CO,0.006694104,38.71209,-121.38109
Sacramento,5,weekend,NO2,0.032341481,38.71209,-121.38109
Sacramento,5,weekend,Ozone,0.460227635,38.71209,-121.38109
Sacramento,5,weekend,SO2,0.016156379,38.613779,-121.368014
Sacramento,6,weekday,CO,0.006851124,38.71209,-121.38109
Sacramento,6,weekday,NO2,0.048577524,38.71209,-121.38109
Sacramento,6,weekday,Ozone,0.509571064,38.71209,-121.38109
Sacramento,6,weekday,SO2,0.036238376,38.613779,-121.368014
Sacramento,6,weekend,CO,0.007826064,38.71209,-121.38109
Sacramento,6,weekend,NO2,0.052243993,38.71209,-121.38109
Sacramento,6,weekend,Ozone,0.566331169,38.71209,-121.38109
Sacramento,6,weekend,SO2,0.032454054,38.613779,-121.368014
Sacramento,7,weekday,CO,0.006753143,38.71209,-121.38109
Sacramento,7,weekday,NO2,0.048890454,38.71209,-121.38109
Sacramento,7,weekday,Ozone,0.504176092,38.71209,-121.38109
Sacramento,7,weekday,SO2,0.029538251,38.613779,-121.368014
Sacramento,7,weekend,CO,0.006598283,38.71209,-121.38109
Sacramento,7,weekend,NO2,0.031878049,38.71209,-121.38109
Sacramento,7,weekend,Ozone,0.473005971,38.71209,-121.38109
Sacramento,7,weekend,SO2,0.034180791,38.613779,-121.368014
Sacramento,8,weekday,CO,0.007534865,38.71209,-121.38109
Sacramento,8,weekday,NO2,0.046848897,38.71209,-121.38109
Sacramento,8,weekday,Ozone,0.482082849,38.71209,-121.38109
Sacramento,8,weekday,SO2,0.032558255,38.613779,-121.368014
Sacramento,8,weekend,CO,0.007744146,38.71209,-121.38109
Sacramento,8,weekend,NO2,0.036075804,38.71209,-121.38109
Sacramento,8,weekend,Ozone,0.522776383,38.71209,-121.38109
Sacramento,8,weekend,SO2,0.032851064,38.613779,-121.368014
Sacramento,9,weekday,CO,0.009671316,38.71209,-121.38109
Sacramento,9,weekday,NO2,0.071979934,38.71209,-121.38109
Sacramento,9,weekday,Ozone,0.483002571,38.71209,-121.38109
Sacramento,9,weekday,SO2,0.031143957,38.613779,-121.368014
Sacramento,9,weekend,CO,0.010635316,38.71209,-121.38109
Sacramento,9,weekend,NO2,0.06224933,38.71209,-121.38109
Sacramento,9,weekend,Ozone,0.473059361,38.71209,-121.38109
Sacramento,9,weekend,SO2,0.028014184,38.613779,-121.368014
Sacramento,10,weekday,CO,0.011521928,38.71209,-121.38109
Sacramento,10,weekday,NO2,0.087883029,38.613779,-121.368014
Sacramento,10,weekday,Ozone,0.335966539,38.71209,-121.38109
Sacramento,10,weekday,SO2,0.028169059,38.613779,-121.368014
Sacramento,10,weekend,CO,0.011483077,38.71209,-121.38109
Sacramento,10,weekend,NO2,0.071992777,38.613779,-121.368014
Sacramento,10,weekend,Ozone,0.390074725,38.71209,-121.38109
Sacramento,10,weekend,SO2,0.038673759,38.613779,-121.368014
Sacramento,11,weekday,CO,0.012113654,38.71209,-121.38109
Sacramento,11,weekday,NO2,0.105028233,38.71209,-121.38109
Sacramento,11,weekday,Ozone,0.22870624,38.71209,-121.38109
Sacramento,11,weekday,SO2,0.02289697,38.613779,-121.368014
Sacramento,11,weekend,CO,0.009747826,38.71209,-121.38109
Sacramento,11,weekend,NO2,0.073206166,38.71209,-121.38109
Sacramento,11,weekend,Ozone,0.32408359,38.71209,-121.38109
Sacramento,11,weekend,SO2,0.024218182,38.613779,-121.368014
Sacramento,12,weekday,CO,0.014661344,38.71209,-121.38109
Sacramento,12,weekday,NO2,0.10631925,38.71209,-121.38109
Sacramento,12,weekday,Ozone,0.190501975,38.71209,-121.38109
Sacramento,12,weekday,SO2,0.023327755,38.613779,-121.368014
Sacramento,12,weekend,CO,0.013327715,38.71209,-121.38109
Sacramento,12,weekend,NO2,0.096923019,38.71209,-121.38109
Sacramento,12,weekend,Ozone,0.226354177,38.71209,-121.38109
Sacramento,12,weekend,SO2,0.028081301,38.613779,-121.368014
San Bernardino,1,weekday,CO,0.01338494,34.895007,-117.024484
San Bernardino,1,weekday,NO2,0.224940185,34.895007,-117.024484
San Bernardino,1,weekday,Ozone,0.329930012,34.895007,-117.024484
San Bernardino,1,weekday,SO2,0.006440029,34.510014,-117.331433
San Bernardino,1,weekend,CO,0.012779526,34.895007,-117.024484
San Bernardino,1,weekend,NO2,0.173976649,34.895007,-117.024484
San Bernardino,1,weekend,Ozone,0.359017821,34.895007,-117.024484
San Bernardino,1,weekend,SO2,0.006103343,34.510014,-117.331433
San Bernardino,2,weekday,CO,0.012044636,34.895007,-117.024484
San Bernardino,2,weekday,NO2,0.242658827,34.895007,-117.024484
San Bernardino,2,weekday,Ozone,0.413175685,34.895007,-117.024484
San Bernardino,2,weekday,SO2,0.008292389,34.510014,-117.331433
San Bernardino,2,weekend,CO,0.012813773,34.895007,-117.024484
San Bernardino,2,weekend,NO2,0.21697971,34.895007,-117.024484
San Bernardino,2,weekend,Ozone,0.475425127,34.895007,-117.024484
San Bernardino,2,weekend,SO2,0.00842065,34.510014,-117.331433
San Bernardino,3,weekday,CO,0.010705536,34.895007,-117.024484
San Bernardino,3,weekday,NO2,0.20977999,34.895007,-117.024484
San Bernardino,3,weekday,Ozone,0.520751959,34.895007,-117.024484
San Bernardino,3,weekday,SO2,0.006701945,34.510014,-117.331433
San Bernardino,3,weekend,CO,0.009530937,34.895007,-117.024484
San Bernardino,3,weekend,NO2,0.134477124,34.895007,-117.024484
San Bernardino,3,weekend,Ozone,0.573826635,34.895007,-117.024484
San Bernardino,3,weekend,SO2,0.005909091,34.510014,-117.331433
San Bernardino,4,weekday,CO,0.009333333,34.895007,-117.024484
San Bernardino,4,weekday,NO2,0.166817489,34.895007,-117.024484
San Bernardino,4,weekday,Ozone,0.60590141,34.895007,-117.024484
San Bernardino,4,weekday,SO2,0.006346745,34.510014,-117.331433
San Bernardino,4,weekend,CO,0.008119688,34.895007,-117.024484
San Bernardino,4,weekend,NO2,0.108170294,34.895007,-117.024484
San Bernardino,4,weekend,Ozone,0.6138991,34.895007,-117.024484
San Bernardino,4,weekend,SO2,0.005292929,34.510014,-117.331433
San Bernardino,5,weekday,CO,0.008885753,34.895007,-117.024484
San Bernardino,5,weekday,NO2,0.143220918,34.895007,-117.024484
San Bernardino,5,weekday,Ozone,0.633527796,34.895007,-117.024484
San Bernardino,5,weekday,SO2,0.006847851,34.510014,-117.331433
San Bernardino,5,weekend,CO,0.008113821,34.895007,-117.024484
San Bernardino,5,weekend,NO2,0.08640799,34.895007,-117.024484
San Bernardino,5,weekend,Ozone,0.634646962,34.895007,-117.024484
San Bernardino,5,weekend,SO2,0.006294314,34.510014,-117.331433
San Bernardino,6,weekday,CO,0.009764313,34.895007,-117.024484
San Bernardino,6,weekday,NO2,0.169372329,34.895007,-117.024484
San Bernardino,6,weekday,Ozone,0.762974814,34.895007,-117.024484
San Bernardino,6,weekday,SO2,0.011420248,34.510014,-117.331433
San Bernardino,6,weekend,CO,0.009572251,34.895007,-117.024484
San Bernardino,6,weekend,NO2,0.133467164,34.895007,-117.024484
San Bernardino,6,weekend,Ozone,0.745365047,34.895007,-117.024484
San Bernardino,6,weekend,SO2,0.011211499,34.510014,-117.331433
San Bernardino,7,weekday,CO,0.009899,34.895007,-117.024484
San Bernardino,7,weekday,NO2,0.172493266,34.895007,-117.024484
San Bernardino,7,weekday,Ozone,0.79657461,34.895007,-117.024484
San Bernardino,7,weekday,SO2,0.011757225,34.510014,-117.331433
San Bernardino,7,weekend,CO,0.009658272,34.895007,-117.024484
San Bernardino,7,weekend,NO2,0.116291441,34.895007,-117.024484
San Bernardino,7,weekend,Ozone,0.754769677,34.895007,-117.024484
San Bernardino,7,weekend,SO2,0.010807654,34.510014,-117.331433
San Bernardino,8,weekday,CO,0.011543472,34.895007,-117.024484
San Bernardino,8,weekday,NO2,0.188621462,34.895007,-117.024484
San Bernardino,8,weekday,Ozone,0.736577181,34.895007,-117.024484
San Bernardino,8,weekday,SO2,0.012714822,34.510014,-117.331433
San Bernardino,8,weekend,CO,0.010998601,34.895007,-117.024484
San Bernardino,8,weekend,NO2,0.144473304,34.895007,-117.024484
San Bernardino,8,weekend,Ozone,0.73874213,34.895007,-117.024484
San Bernardino,8,weekend,SO2,0.012074906,34.510014,-117.331433
San Bernardino,9,weekday,CO,0.010751395,34.895007,-117.024484
San Bernardino,9,weekday,NO2,0.208108981,34.895007,-117.024484
San Bernardino,9,weekday,Ozone,0.578874123,34.895007,-117.024484
San Bernardino,9,weekday,SO2,0.008826045,34.510014,-117.331433
San Bernardino,9,weekend,CO,0.011057378,34.895007,-117.024484
San Bernardino,9,weekend,NO2,0.155090253,34.895007,-117.024484
San Bernardino,9,weekend,Ozone,0.606038086,34.895007,-117.024484
San Bernardino,9,weekend,SO2,0.008554217,34.510014,-117.331433
San Bernardino,10,weekday,CO,0.012147459,34.895007,-117.024484
San Bernardino,10,weekday,NO2,0.22155315,34.895007,-117.024484
San Bernardino,10,weekday,Ozone,0.469654774,34.895007,-117.024484
San Bernardino,10,weekday,SO2,0.009780482,34.510014,-117.331433
San Bernardino,10,weekend,CO,0.011310924,34.895007,-117.024484
San Bernardino,10,weekend,NO2,0.164911882,34.895007,-117.024484
San Bernardino,10,weekend,Ozone,0.492295918,34.895007,-117.024484
San Bernardino,10,weekend,SO2,0.010444772,34.510014,-117.331433
San Bernardino,11,weekday,CO,0.012623484,34.895007,-117.024484
San Bernardino,11,weekday,NO2,0.229968139,34.895007,-117.024484
San Bernardino,11,weekday,Ozone,0.395131115,34.895007,-117.024484
San Bernardino,11,weekday,SO2,0.009631949,34.510014,-117.331433
San Bernardino,11,weekend,CO,0.012510582,34.895007,-117.024484
San Bernardino,11,weekend,NO2,0.196775053,34.895007,-117.024484
San Bernardino,11,weekend,Ozone,0.455274941,34.895007,-117.024484
San Bernardino,11,weekend,SO2,0.009127451,34.510014,-117.331433
San Bernardino,12,weekday,CO,0.014072287,34.895007,-117.024484
San Bernardino,12,weekday,NO2,0.208043598,34.895007,-117.024484
San Bernardino,12,weekday,Ozone,0.318001339,34.895007,-117.024484
San Bernardino,12,weekday,SO2,0.009431569,34.510014,-117.331433
San Bernardino,12,weekend,CO,0.011621188,34.895007,-117.024484
San Bernardino,12,weekend,NO2,0.143002023,34.895007,-117.024484
San Bernardino,12,weekend,Ozone,0.402275038,34.895007,-117.024484
San Bernardino,12,weekend,SO2,0.009402628,34.510014,-117.331433
San Diego,1,weekday,CO,0.015401332,32.701492,-117.149653
San Diego,1,weekday,NO2,0.143721655,32.631231,-117.059075
San Diego,1,weekday,Ozone,0.369123826,32.631231,-117.059075
San Diego,1,weekday,SO2,0.001924466,32.817978,-116.968133
San Diego,1,weekend,CO,0.013758382,32.701492,-117.149653
San Diego,1,weekend,NO2,0.098704358,32.631231,-117.059075
San Diego,1,weekend,Ozone,0.410094557,32.631231,-117.059075
San Diego,1,weekend,SO2,0.001126214,32.817978,-116.968133
San Diego,2,weekday,CO,0.016427506,32.701492,-117.149653
San Diego,2,weekday,NO2,0.16608144,32.631231,-117.059075
San Diego,2,weekday,Ozone,0.471219744,32.631231,-117.059075
San Diego,2,weekday,SO2,0.002317218,32.817978,-116.968133
San Diego,2,weekend,CO,0.015317829,32.701492,-117.149653
San Diego,2,weekend,NO2,0.123162518,32.631231,-117.059075
San Diego,2,weekend,Ozone,0.553365992,32.631231,-117.059075
San Diego,2,weekend,SO2,0.001730159,32.817978,-116.968133
San Diego,3,weekday,CO,0.011917232,32.701492,-117.149653
San Diego,3,weekday,NO2,0.101252002,32.631231,-117.059075
San Diego,3,weekday,Ozone,0.50737474,32.631231,-117.059075
San Diego,3,weekday,SO2,0.001118741,32.817978,-116.968133
San Diego,3,weekend,CO,0.009532298,32.701492,-117.149653
San Diego,3,weekend,NO2,0.056571643,32.631231,-117.059075
San Diego,3,weekend,Ozone,0.525172684,32.631231,-117.059075
San Diego,3,weekend,SO2,4.00E-04,32.817978,-116.968133
San Diego,4,weekday,CO,0.010215702,32.701492,-117.149653
San Diego,4,weekday,NO2,0.095339105,32.631231,-117.059075
San Diego,4,weekday,Ozone,0.56575769,32.631231,-117.059075
San Diego,4,weekday,SO2,0.001385239,32.817978,-116.968133
San Diego,4,weekend,CO,0.01037128,32.701492,-117.149653
San Diego,4,weekend,NO2,0.065572269,32.631231,-117.059075
San Diego,4,weekend,Ozone,0.568347197,32.631231,-117.059075
San Diego,4,weekend,SO2,0.00086067,32.817978,-116.968133
San Diego,5,weekday,CO,0.008225459,32.701492,-117.149653
San Diego,5,weekday,NO2,0.052018651,32.631231,-117.059075
San Diego,5,weekday,Ozone,0.548427341,32.631231,-117.059075
San Diego,5,weekday,SO2,0.000558938,32.817978,-116.968133
San Diego,5,weekend,CO,0.00760182,32.701492,-117.149653
San Diego,5,weekend,NO2,0.035047199,32.631231,-117.059075
San Diego,5,weekend,Ozone,0.529146222,32.631231,-117.059075
San Diego,5,weekend,SO2,0.000366843,32.817978,-116.968133
San Diego,6,weekday,CO,0.009616371,32.701492,-117.149653
San Diego,6,weekday,NO2,0.068266419,32.631231,-117.059075
San Diego,6,weekday,Ozone,0.550140288,32.631231,-117.059075
San Diego,6,weekday,SO2,0.002056801,32.817978,-116.968133
San Diego,6,weekend,CO,0.010368992,32.701492,-117.149653
San Diego,6,weekend,NO2,0.058288352,32.631231,-117.059075
San Diego,6,weekend,Ozone,0.568599874,32.631231,-117.059075
San Diego,6,weekend,SO2,0.001698413,32.817978,-116.968133
San Diego,7,weekday,CO,0.008722491,32.701492,-117.149653
San Diego,7,weekday,NO2,0.063625238,32.631231,-117.059075
San Diego,7,weekday,Ozone,0.531553732,32.631231,-117.059075
San Diego,7,weekday,SO2,0.001459259,32.817978,-116.968133
San Diego,7,weekend,CO,0.008041728,32.701492,-117.149653
San Diego,7,weekend,NO2,0.044643828,32.631231,-117.059075
San Diego,7,weekend,Ozone,0.495166441,32.631231,-117.059075
San Diego,7,weekend,SO2,0.001346032,32.817978,-116.968133
San Diego,8,weekday,CO,0.009059903,32.701492,-117.149653
San Diego,8,weekday,NO2,0.061616486,32.631231,-117.059075
San Diego,8,weekday,Ozone,0.535176943,32.631231,-117.059075
San Diego,8,weekday,SO2,0.00083834,32.789561,-116.944222
San Diego,8,weekend,CO,0.008398948,32.701492,-117.149653
San Diego,8,weekend,NO2,0.03934903,32.631231,-117.059075
San Diego,8,weekend,Ozone,0.559944281,32.631231,-117.059075
San Diego,8,weekend,SO2,0.000404762,32.789561,-116.944222
San Diego,9,weekday,CO,0.009996843,32.701492,-117.149653
San Diego,9,weekday,NO2,0.090523533,32.631231,-117.059075
San Diego,9,weekday,Ozone,0.48308348,32.631231,-117.059075
San Diego,9,weekday,SO2,0.000995708,32.789561,-116.944222
San Diego,9,weekend,CO,0.010704508,32.701492,-117.149653
San Diego,9,weekend,NO2,0.07387349,32.631231,-117.059075
San Diego,9,weekend,Ozone,0.547016783,32.631231,-117.059075
San Diego,9,weekend,SO2,0.000888889,32.789561,-116.944222
San Diego,10,weekday,CO,0.012885957,32.701492,-117.149653
San Diego,10,weekday,NO2,0.120336235,32.631231,-117.059075
San Diego,10,weekday,Ozone,0.473752094,32.631231,-117.059075
San Diego,10,weekday,SO2,0.001368006,32.789561,-116.944222
San Diego,10,weekend,CO,0.013004319,32.701492,-117.149653
San Diego,10,weekend,NO2,0.097837349,32.631231,-117.059075
San Diego,10,weekend,Ozone,0.476848186,32.631231,-117.059075
San Diego,10,weekend,SO2,0.00135873,32.789561,-116.944222
San Diego,11,weekday,CO,0.016105042,32.985442,-117.08218
San Diego,11,weekday,NO2,0.141583154,32.631231,-117.059075
San Diego,11,weekday,Ozone,0.454969653,32.631231,-117.059075
San Diego,11,weekday,SO2,0.001357911,32.789561,-116.944222
San Diego,11,weekend,CO,0.014205333,32.985442,-117.08218
San Diego,11,weekend,NO2,0.116199134,32.631231,-117.059075
San Diego,11,weekend,Ozone,0.497809641,32.631231,-117.059075
San Diego,11,weekend,SO2,0.001380952,32.789561,-116.944222
San Diego,12,weekday,CO,0.015936588,32.985442,-117.08218
San Diego,12,weekday,NO2,0.132702454,32.631231,-117.059075
San Diego,12,weekday,Ozone,0.355447322,32.631231,-117.059075
San Diego,12,weekday,SO2,0.001370456,32.789561,-116.944222
San Diego,12,weekend,CO,0.013598471,32.985442,-117.08218
San Diego,12,weekend,NO2,0.083875181,32.631231,-117.059075
San Diego,12,weekend,Ozone,0.434612379,32.631231,-117.059075
San Diego,12,weekend,SO2,0.000797178,32.789561,-116.944222
Santa Barbara,1,weekday,CO,0.006789164,34.427775,-119.691218
Santa Barbara,1,weekday,NO2,0.036907122,34.46245,-120.02551
Santa Barbara,1,weekday,Ozone,0.383620993,34.46245,-120.02551
Santa Barbara,1,weekday,SO2,0.002249053,34.46245,-120.02551
Santa Barbara,1,weekend,CO,0.006038935,34.427775,-119.691218
Santa Barbara,1,weekend,NO2,0.025226354,34.46245,-120.02551
Santa Barbara,1,weekend,Ozone,0.416666667,34.46245,-120.02551
Santa Barbara,1,weekend,SO2,0.001817298,34.46245,-120.02551
Santa Barbara,2,weekday,CO,0.005907014,34.427775,-119.691218
Santa Barbara,2,weekday,NO2,0.04244721,34.46245,-120.02551
Santa Barbara,2,weekday,Ozone,0.460983349,34.46245,-120.02551
Santa Barbara,2,weekday,SO2,0.005173636,34.46245,-120.02551
Santa Barbara,2,weekend,CO,0.005470251,34.427775,-119.691218
Santa Barbara,2,weekend,NO2,0.03021203,34.46245,-120.02551
Santa Barbara,2,weekend,Ozone,0.446433475,34.46245,-120.02551
Santa Barbara,2,weekend,SO2,0.004311153,34.46245,-120.02551
Santa Barbara,3,weekday,CO,0.005575173,34.427775,-119.691218
Santa Barbara,3,weekday,NO2,0.02393425,34.46245,-120.02551
Santa Barbara,3,weekday,Ozone,0.465434084,34.46245,-120.02551
Santa Barbara,3,weekday,SO2,0.002862626,34.46245,-120.02551
Santa Barbara,3,weekend,CO,0.005320238,34.427775,-119.691218
Santa Barbara,3,weekend,NO2,0.015851947,34.46245,-120.02551
Santa Barbara,3,weekend,Ozone,0.442566003,34.46245,-120.02551
Santa Barbara,3,weekend,SO2,0.002701525,34.46245,-120.02551
Santa Barbara,4,weekday,CO,0.004646677,34.427775,-119.691218
Santa Barbara,4,weekday,NO2,0.024484618,34.46245,-120.02551
Santa Barbara,4,weekday,Ozone,0.527329193,34.46245,-120.02551
Santa Barbara,4,weekday,SO2,0.003406824,34.46245,-120.02551
Santa Barbara,4,weekend,CO,0.004681965,34.427775,-119.691218
Santa Barbara,4,weekend,NO2,0.017967886,34.46245,-120.02551
Santa Barbara,4,weekend,Ozone,0.507706995,34.46245,-120.02551
Santa Barbara,4,weekend,SO2,0.003384338,34.46245,-120.02551
Santa Barbara,5,weekday,CO,0.004410434,34.427775,-119.691218
Santa Barbara,5,weekday,NO2,0.014738453,34.46245,-120.02551
Santa Barbara,5,weekday,Ozone,0.444051843,34.46245,-120.02551
Santa Barbara,5,weekday,SO2,0.003382925,34.46245,-120.02551
Santa Barbara,5,weekend,CO,0.004287029,34.427775,-119.691218
Santa Barbara,5,weekend,NO2,0.012171199,34.46245,-120.02551
Santa Barbara,5,weekend,Ozone,0.460737743,34.46245,-120.02551
Santa Barbara,5,weekend,SO2,0.003437996,34.46245,-120.02551
Santa Barbara,6,weekday,CO,0.005843728,34.427775,-119.691218
Santa Barbara,6,weekday,NO2,0.020737333,34.46245,-120.02551
Santa Barbara,6,weekday,Ozone,0.418639664,34.46245,-120.02551
Santa Barbara,6,weekday,SO2,0.004586895,34.46245,-120.02551
Santa Barbara,6,weekend,CO,0.005270445,34.427775,-119.691218
Santa Barbara,6,weekend,NO2,0.017332486,34.46245,-120.02551
Santa Barbara,6,weekend,Ozone,0.419515364,34.46245,-120.02551
Santa Barbara,6,weekend,SO2,0.004716981,34.46245,-120.02551
Santa Barbara,7,weekday,CO,0.004002019,34.427775,-119.691218
Santa Barbara,7,weekday,NO2,0.017330494,34.46245,-120.02551
Santa Barbara,7,weekday,Ozone,0.372269498,34.46245,-120.02551
Santa Barbara,7,weekday,SO2,0.00365599,34.46245,-120.02551
Santa Barbara,7,weekend,CO,0.003893685,34.427775,-119.691218
Santa Barbara,7,weekend,NO2,0.013541258,34.46245,-120.02551
Santa Barbara,7,weekend,Ozone,0.403262338,34.46245,-120.02551
Santa Barbara,7,weekend,SO2,0.00367416,34.46245,-120.02551
Santa Barbara,8,weekday,CO,0.003956804,34.427775,-119.691218
Santa Barbara,8,weekday,NO2,0.017453817,34.46245,-120.02551
Santa Barbara,8,weekday,Ozone,0.383386417,34.46245,-120.02551
Santa Barbara,8,weekday,SO2,0.002654259,34.46245,-120.02551
Santa Barbara,8,weekend,CO,0.004077603,34.427775,-119.691218
Santa Barbara,8,weekend,NO2,0.013739487,34.46245,-120.02551
Santa Barbara,8,weekend,Ozone,0.385903803,34.46245,-120.02551
Santa Barbara,8,weekend,SO2,0.002171113,34.46245,-120.02551
Santa Barbara,9,weekday,CO,0.004915305,34.427775,-119.691218
Santa Barbara,9,weekday,NO2,0.027264135,34.46245,-120.02551
Santa Barbara,9,weekday,Ozone,0.449396735,34.46245,-120.02551
Santa Barbara,9,weekday,SO2,0.002618237,34.46245,-120.02551
Santa Barbara,9,weekend,CO,0.004825175,34.427775,-119.691218
Santa Barbara,9,weekend,NO2,0.021524293,34.46245,-120.02551
Santa Barbara,9,weekend,Ozone,0.450657236,34.46245,-120.02551
Santa Barbara,9,weekend,SO2,0.002173218,34.46245,-120.02551
Santa Barbara,10,weekday,CO,0.004937492,34.427775,-119.691218
Santa Barbara,10,weekday,NO2,0.036455509,34.46245,-120.02551
Santa Barbara,10,weekday,Ozone,0.431336489,34.46245,-120.02551
Santa Barbara,10,weekday,SO2,0.000541605,34.46245,-120.02551
Santa Barbara,10,weekend,CO,0.004964639,34.427775,-119.691218
Santa Barbara,10,weekend,NO2,0.026745602,34.46245,-120.02551
Santa Barbara,10,weekend,Ozone,0.422014488,34.46245,-120.02551
Santa Barbara,10,weekend,SO2,0.00049975,34.46245,-120.02551
Santa Barbara,11,weekday,CO,0.007098198,34.427775,-119.691218
Santa Barbara,11,weekday,NO2,0.044475612,34.46245,-120.02551
Santa Barbara,11,weekday,Ozone,0.422459763,34.46245,-120.02551
Santa Barbara,11,weekday,SO2,4.10E-05,34.46245,-120.02551
Santa Barbara,11,weekend,CO,0.007134394,34.427775,-119.691218
Santa Barbara,11,weekend,NO2,0.035066161,34.46245,-120.02551
Santa Barbara,11,weekend,Ozone,0.458194805,34.46245,-120.02551
Santa Barbara,11,weekend,SO2,2.49E-05,34.46245,-120.02551
Santa Barbara,12,weekday,CO,0.007183521,34.427775,-119.691218
Santa Barbara,12,weekday,NO2,0.043246116,34.46245,-120.02551
Santa Barbara,12,weekday,Ozone,0.341791228,34.46245,-120.02551
Santa Barbara,12,weekday,SO2,0.000104522,34.46245,-120.02551
Santa Barbara,12,weekend,CO,0.006386542,34.427775,-119.691218
Santa Barbara,12,weekend,NO2,0.030839056,34.46245,-120.02551
Santa Barbara,12,weekend,Ozone,0.372521835,34.46245,-120.02551
Santa Barbara,12,weekend,SO2,7.82E-05,34.46245,-120.02551
Solano,1,weekday,CO,0.016656787,38.102507,-122.237976
Solano,1,weekday,NO2,0.12343361,38.102507,-122.237976
Solano,1,weekday,Ozone,0.237408706,38.102507,-122.237976
Solano,1,weekday,SO2,0.007971077,38.102507,-122.237976
Solano,1,weekend,CO,0.012285714,38.102507,-122.237976
Solano,1,weekend,NO2,0.060926087,38.102507,-122.237976
Solano,1,weekend,Ozone,0.335379939,38.102507,-122.237976
Solano,1,weekend,SO2,0.005521212,38.102507,-122.237976
Solano,2,weekday,CO,0.015795489,38.102507,-122.237976
Solano,2,weekday,NO2,0.132856842,38.102507,-122.237976
Solano,2,weekday,Ozone,0.265971606,38.102507,-122.237976
Solano,2,weekday,SO2,0.010238828,38.102507,-122.237976
Solano,2,weekend,CO,0.016677019,38.102507,-122.237976
Solano,2,weekend,NO2,0.108565217,38.102507,-122.237976
Solano,2,weekend,Ozone,0.239513678,38.102507,-122.237976
Solano,2,weekend,SO2,0.009363636,38.102507,-122.237976
Solano,3,weekday,CO,0.009739512,38.102507,-122.237976
Solano,3,weekday,NO2,0.064975048,38.102507,-122.237976
Solano,3,weekday,Ozone,0.346781347,38.102507,-122.237976
Solano,3,weekday,SO2,0.008781794,38.102507,-122.237976
Solano,3,weekend,CO,0.007515528,38.102507,-122.237976
Solano,3,weekend,NO2,0.037798913,38.102507,-122.237976
Solano,3,weekend,Ozone,0.416109422,38.102507,-122.237976
Solano,3,weekend,SO2,0.007181818,38.102507,-122.237976
Solano,4,weekday,CO,0.007702381,38.102507,-122.237976
Solano,4,weekday,NO2,0.052935417,38.102507,-122.237976
Solano,4,weekday,Ozone,0.493058419,38.102507,-122.237976
Solano,4,weekday,SO2,0.008580973,38.102507,-122.237976
Solano,4,weekend,CO,0.007867495,38.102507,-122.237976
Solano,4,weekend,NO2,0.04468599,38.102507,-122.237976
Solano,4,weekend,Ozone,0.463424036,38.102507,-122.237976
Solano,4,weekend,SO2,0.00776431,38.102507,-122.237976
Solano,5,weekday,CO,0.007720609,38.102507,-122.237976
Solano,5,weekday,NO2,0.040503018,38.102507,-122.237976
Solano,5,weekday,Ozone,0.435502401,38.102507,-122.237976
Solano,5,weekday,SO2,0.008033613,38.102507,-122.237976
Solano,5,weekend,CO,0.007619048,38.102507,-122.237976
Solano,5,weekend,NO2,0.030507246,38.102507,-122.237976
Solano,5,weekend,Ozone,0.445034014,38.102507,-122.237976
Solano,5,weekend,SO2,0.008175084,38.102507,-122.237976
Solano,6,weekday,CO,0.007891429,38.102507,-122.237976
Solano,6,weekday,NO2,0.041815631,38.102507,-122.237976
Solano,6,weekday,Ozone,0.426326665,38.102507,-122.237976
Solano,6,weekday,SO2,0.009179916,38.102507,-122.237976
Solano,6,weekend,CO,0.007865546,38.102507,-122.237976
Solano,6,weekend,NO2,0.041543478,38.102507,-122.237976
Solano,6,weekend,Ozone,0.482387114,38.102507,-122.237976
Solano,6,weekend,SO2,0.009711934,38.102507,-122.237976
Solano,7,weekday,CO,0.007417924,38.102507,-122.237976
Solano,7,weekday,NO2,0.041606625,38.102507,-122.237976
Solano,7,weekday,Ozone,0.372059113,38.102507,-122.237976
Solano,7,weekday,SO2,0.008502165,38.102507,-122.237976
Solano,7,weekend,CO,0.007068323,38.102507,-122.237976
Solano,7,weekend,NO2,0.025069565,38.102507,-122.237976
Solano,7,weekend,Ozone,0.356938776,38.102507,-122.237976
Solano,7,weekend,SO2,0.007660606,38.102507,-122.237976
Solano,8,weekday,CO,0.007101248,38.102507,-122.237976
Solano,8,weekday,NO2,0.029706564,38.102507,-122.237976
Solano,8,weekday,Ozone,0.36557377,38.102507,-122.237976
Solano,8,weekday,SO2,0.007843771,38.102507,-122.237976
Solano,8,weekend,CO,0.007051282,38.102507,-122.237976
Solano,8,weekend,NO2,0.019933333,38.102507,-122.237976
Solano,8,weekend,Ozone,0.419790548,38.102507,-122.237976
Solano,8,weekend,SO2,0.007400447,38.102507,-122.237976
Solano,9,weekday,CO,0.008916549,38.102507,-122.237976
Solano,9,weekday,NO2,0.061057426,38.102507,-122.237976
Solano,9,weekday,Ozone,0.410292059,38.102507,-122.237976
Solano,9,weekday,SO2,0.011003451,38.102507,-122.237976
Solano,9,weekend,CO,0.009021739,38.102507,-122.237976
Solano,9,weekend,NO2,0.054190217,38.102507,-122.237976
Solano,9,weekend,Ozone,0.400357143,38.102507,-122.237976
Solano,9,weekend,SO2,0.011878788,38.102507,-122.237976
Solano,10,weekday,CO,0.011308775,38.102507,-122.237976
Solano,10,weekday,NO2,0.090828092,38.102507,-122.237976
Solano,10,weekday,Ozone,0.333094091,38.102507,-122.237976
Solano,10,weekday,SO2,0.012619883,38.102507,-122.237976
Solano,10,weekend,CO,0.010447205,38.102507,-122.237976
Solano,10,weekend,NO2,0.071052174,38.102507,-122.237976
Solano,10,weekend,Ozone,0.412244898,38.102507,-122.237976
Solano,10,weekend,SO2,0.011551515,38.102507,-122.237976
Solano,11,weekday,CO,0.016513026,38.102507,-122.237976
Solano,11,weekday,NO2,0.120691383,38.102507,-122.237976
Solano,11,weekday,Ozone,0.243063367,38.102507,-122.237976
Solano,11,weekday,SO2,0.013062194,38.102507,-122.237976
Solano,11,weekend,CO,0.012934783,38.102507,-122.237976
Solano,11,weekend,NO2,0.080923913,38.102507,-122.237976
Solano,11,weekend,Ozone,0.320867347,38.102507,-122.237976
Solano,11,weekend,SO2,0.010257576,38.102507,-122.237976
Solano,12,weekday,CO,0.015910253,38.102507,-122.237976
Solano,12,weekday,NO2,0.132250497,38.102507,-122.237976
Solano,12,weekday,Ozone,0.212404181,38.102507,-122.237976
Solano,12,weekday,SO2,0.01389605,38.102507,-122.237976
Solano,12,weekend,CO,0.017501725,38.102507,-122.237976
Solano,12,weekend,NO2,0.1322657,38.102507,-122.237976
Solano,12,weekend,Ozone,0.232455252,38.102507,-122.237976
Solano,12,weekend,SO2,0.013131313,38.102507,-122.237976
Santa Cruz,1,weekday,Ozone,0.255978415,36.983921,-121.989328
Santa Cruz,1,weekend,Ozone,0.306964286,36.983921,-121.989328
Santa Cruz,2,weekday,Ozone,0.291877308,36.983921,-121.989328
Santa Cruz,2,weekend,Ozone,0.257514881,36.983921,-121.989328
Santa Cruz,3,weekday,Ozone,0.345164636,36.983921,-121.989328
Santa Cruz,3,weekend,Ozone,0.392113095,36.983921,-121.989328
Santa Cruz,4,weekday,Ozone,0.438057143,36.983921,-121.989328
Santa Cruz,4,weekend,Ozone,0.401719577,36.983921,-121.989328
Santa Cruz,5,weekday,Ozone,0.400216861,36.983921,-121.989328
Santa Cruz,5,weekend,Ozone,0.376902537,36.983921,-121.989328
Santa Cruz,6,weekday,Ozone,0.339448052,36.983921,-121.989328
Santa Cruz,6,weekend,Ozone,0.363839286,36.983921,-121.989328
Santa Cruz,7,weekday,Ozone,0.263971429,36.983921,-121.989328
Santa Cruz,7,weekend,Ozone,0.301785714,36.983921,-121.989328
Santa Cruz,8,weekday,Ozone,0.283980331,36.983921,-121.989328
Santa Cruz,8,weekend,Ozone,0.294196429,36.983921,-121.989328
Santa Cruz,9,weekday,Ozone,0.339631336,36.983921,-121.989328
Santa Cruz,9,weekend,Ozone,0.316145833,36.983921,-121.989328
Santa Cruz,10,weekday,Ozone,0.31283148,36.983921,-121.989328
Santa Cruz,10,weekend,Ozone,0.369285714,36.983921,-121.989328
Santa Cruz,11,weekday,Ozone,0.242636392,36.983921,-121.989328
Santa Cruz,11,weekend,Ozone,0.257738095,36.983921,-121.989328
Santa Cruz,12,weekday,Ozone,0.235687229,36.983921,-121.989328
Santa Cruz,12,weekend,Ozone,0.248677249,36.983921,-121.989328