"","Latitude","Longitude","County","Weekend_day","Pollutant","Sample"
"1",32.579361,-116.929486,"San Diego","weekday","NO2",0.0840699551569507
"2",32.579361,-116.929486,"San Diego","weekday","Ozone",0.482332546103211
"3",32.579361,-116.929486,"San Diego","weekend","NO2",0.0632149122807018
"4",32.579361,-116.929486,"San Diego","weekend","Ozone",0.511987925830099
"5",32.631231,-117.059075,"San Diego","weekday","NO2",0.0980841955048163
"6",32.631231,-117.059075,"San Diego","weekday","Ozone",0.400156376109766
"7",32.631231,-117.059075,"San Diego","weekend","NO2",0.0740691144708423
"8",32.631231,-117.059075,"San Diego","weekend","Ozone",0.430867016352977
"9",32.676186,-115.484144,"Imperial","weekday","CO",0.0102787840922744
"10",32.676186,-115.484144,"Imperial","weekday","NO2",0.120521812363146
"11",32.676186,-115.484144,"Imperial","weekday","Ozone",0.444512795866875
"12",32.676186,-115.484144,"Imperial","weekday","SO2",0.00952029107192835
"13",32.676186,-115.484144,"Imperial","weekend","CO",0.00937260159195643
"14",32.676186,-115.484144,"Imperial","weekend","NO2",0.101122961104141
"15",32.676186,-115.484144,"Imperial","weekend","Ozone",0.462908337396392
"16",32.676186,-115.484144,"Imperial","weekend","SO2",0.0090546265328874
"17",32.701492,-117.149653,"San Diego","weekday","CO",0.00825998645903859
"18",32.701492,-117.149653,"San Diego","weekday","NO2",0.125022026431718
"19",32.701492,-117.149653,"San Diego","weekday","Ozone",0.405636454933467
"20",32.701492,-117.149653,"San Diego","weekend","CO",0.00739978331527627
"21",32.701492,-117.149653,"San Diego","weekend","NO2",0.0982980972515856
"22",32.701492,-117.149653,"San Diego","weekend","Ozone",0.43721545791424
"23",32.725226,-116.365203,"San Diego","weekday","Ozone",0.697192457067989
"24",32.725226,-116.365203,"San Diego","weekend","Ozone",0.668386401044327
"25",32.789561,-116.944222,"San Diego","weekday","CO",0.00986125016044154
"26",32.789561,-116.944222,"San Diego","weekday","NO2",0.115654632448891
"27",32.789561,-116.944222,"San Diego","weekday","Ozone",0.400484672240397
"28",32.789561,-116.944222,"San Diego","weekday","SO2",0.00117481680873336
"29",32.789561,-116.944222,"San Diego","weekend","CO",0.00912657353162085
"30",32.789561,-116.944222,"San Diego","weekend","NO2",0.0989821615949633
"31",32.789561,-116.944222,"San Diego","weekend","Ozone",0.438987196086894
"32",32.789561,-116.944222,"San Diego","weekend","SO2",0.000953382404486506
"33",32.79222,-115.56306,"Imperial","weekday","CO",0.00282932049224184
"34",32.79222,-115.56306,"Imperial","weekday","NO2",0.0545892796753466
"35",32.79222,-115.56306,"Imperial","weekday","Ozone",0.494485819604303
"36",32.79222,-115.56306,"Imperial","weekend","CO",0.00219053451141632
"37",32.79222,-115.56306,"Imperial","weekend","NO2",0.040128364389234
"38",32.79222,-115.56306,"Imperial","weekend","Ozone",0.497762148337596
"39",32.817978,-116.968133,"San Diego","weekday","CO",0.00856612677240374
"40",32.817978,-116.968133,"San Diego","weekday","NO2",0.100732412463861
"41",32.817978,-116.968133,"San Diego","weekday","Ozone",0.441153425655977
"42",32.817978,-116.968133,"San Diego","weekday","SO2",0.00153747126436782
"43",32.817978,-116.968133,"San Diego","weekend","CO",0.0075844387755102
"44",32.817978,-116.968133,"San Diego","weekend","NO2",0.0626043276661515
"45",32.817978,-116.968133,"San Diego","weekend","Ozone",0.482000841573743
"46",32.817978,-116.968133,"San Diego","weekend","SO2",0.0010982905982906
"47",32.842242,-116.768225,"San Diego","weekday","NO2",0.0426986961957492
"48",32.842242,-116.768225,"San Diego","weekday","Ozone",0.620171662888725
"49",32.842242,-116.768225,"San Diego","weekend","NO2",0.0306563039723661
"50",32.842242,-116.768225,"San Diego","weekend","Ozone",0.637694300518135
"51",32.845467,-117.123894,"San Diego","weekday","NO2",0.103503051106026
"52",32.845467,-117.123894,"San Diego","weekday","Ozone",0.444641556549787
"53",32.845467,-117.123894,"San Diego","weekend","NO2",0.0655015466195316
"54",32.845467,-117.123894,"San Diego","weekend","Ozone",0.492296250387357
"55",32.952124,-117.264088,"San Diego","weekday","Ozone",0.47184894442251
"56",32.952124,-117.264088,"San Diego","weekend","Ozone",0.494920634920635
"57",32.985442,-117.08218,"San Diego","weekday","CO",0.0165036718610066
"58",32.985442,-117.08218,"San Diego","weekday","NO2",0.184836376785391
"59",32.985442,-117.08218,"San Diego","weekend","CO",0.0164381292213585
"60",32.985442,-117.08218,"San Diego","weekend","NO2",0.133866369710468
"61",33.0325,-115.62361,"Imperial","weekday","Ozone",0.420277777777778
"62",33.0325,-115.62361,"Imperial","weekend","Ozone",0.417541588452327
"63",33.213611,-115.54528,"Imperial","weekday","Ozone",0.385579730381579
"64",33.213611,-115.54528,"Imperial","weekend","Ozone",0.38134280593958
"65",33.217025,-117.396158,"San Diego","weekday","NO2",0.0698792494891325
"66",33.217025,-117.396158,"San Diego","weekday","Ozone",0.504011118904736
"67",33.217025,-117.396158,"San Diego","weekend","NO2",0.0478870106761566
"68",33.217025,-117.396158,"San Diego","weekend","Ozone",0.532571428571428
"69",33.362593,-117.09023,"San Diego","weekday","Ozone",0.418069041145964
"70",33.362593,-117.09023,"San Diego","weekend","Ozone",0.427847740612001
"71",33.447867,-117.088649,"Riverside","weekday","NO2",0.045971790443293
"72",33.447867,-117.088649,"Riverside","weekday","Ozone",0.441210336055697
"73",33.447867,-117.088649,"Riverside","weekend","NO2",0.0411559322033898
"74",33.447867,-117.088649,"Riverside","weekend","Ozone",0.454767592655791
"75",33.583333,-117.083333,"Riverside","weekday","Ozone",0.583874007936508
"76",33.583333,-117.083333,"Riverside","weekend","Ozone",0.588656519654842
"77",33.590833,-116.088333,"Riverside","weekday","Ozone",0.344748420977929
"78",33.590833,-116.088333,"Riverside","weekend","Ozone",0.353481650170798
"79",33.612406,-114.602886,"Riverside","weekday","Ozone",0.410019590658349
"80",33.612406,-114.602886,"Riverside","weekend","Ozone",0.422646809066562
"81",33.63003,-117.67593,"Orange","weekday","CO",0.00368319093979734
"82",33.63003,-117.67593,"Orange","weekday","Ozone",0.478708906156605
"83",33.63003,-117.67593,"Orange","weekend","CO",0.00294635219357204
"84",33.63003,-117.67593,"Orange","weekend","Ozone",0.506869825612119
"85",33.67464,-117.92568,"Orange","weekday","CO",0.00759821731337499
"86",33.67464,-117.92568,"Orange","weekday","NO2",0.109784267631103
"87",33.67464,-117.92568,"Orange","weekday","Ozone",0.441135009446301
"88",33.67464,-117.92568,"Orange","weekday","SO2",0.00160890410958904
"89",33.67464,-117.92568,"Orange","weekend","CO",0.00612477469620327
"90",33.67464,-117.92568,"Orange","weekend","NO2",0.0810159663865546
"91",33.67464,-117.92568,"Orange","weekend","Ozone",0.47402650238289
"92",33.67464,-117.92568,"Orange","weekend","SO2",0.00127736625514403
"93",33.67649,-117.33098,"Riverside","weekday","CO",0.00390414146114472
"94",33.67649,-117.33098,"Riverside","weekday","NO2",0.0872326954033268
"95",33.67649,-117.33098,"Riverside","weekday","Ozone",0.48593894993895
"96",33.67649,-117.33098,"Riverside","weekend","CO",0.00359624931053502
"97",33.67649,-117.33098,"Riverside","weekend","NO2",0.0669263480929417
"98",33.67649,-117.33098,"Riverside","weekend","Ozone",0.508718133718134
"99",33.70853,-116.21537,"Riverside","weekday","Ozone",0.535358521280227
"100",33.70853,-116.21537,"Riverside","weekend","Ozone",0.539947833065811
"101",33.7411,-115.8206,"Riverside","weekday","Ozone",0.667165525536639
"102",33.7411,-115.8206,"Riverside","weekend","Ozone",0.653055360075064
"103",33.78942,-117.22764,"Riverside","weekday","Ozone",0.438121298270552
"104",33.78942,-117.22764,"Riverside","weekend","Ozone",0.46165444411851
"105",33.8025,-118.22,"Los Angeles","weekday","CO",0.0105789913077641
"106",33.8025,-118.22,"Los Angeles","weekday","NO2",0.204110676640598
"107",33.8025,-118.22,"Los Angeles","weekday","Ozone",0.30798672283927
"108",33.8025,-118.22,"Los Angeles","weekday","SO2",0.0130269865930146
"109",33.8025,-118.22,"Los Angeles","weekend","CO",0.00905517114689854
"110",33.8025,-118.22,"Los Angeles","weekend","NO2",0.138509243697479
"111",33.8025,-118.22,"Los Angeles","weekend","Ozone",0.363743842364532
"112",33.8025,-118.22,"Los Angeles","weekend","SO2",0.010409796383312
"113",33.819305,-117.918759,"Orange","weekday","CO",0.0243923879214084
"114",33.819305,-117.918759,"Orange","weekday","NO2",0.251557576769025
"115",33.819305,-117.918759,"Orange","weekend","CO",0.0229066620602292
"116",33.819305,-117.918759,"Orange","weekend","NO2",0.19093567961165
"117",33.83062,-117.93845,"Orange","weekday","CO",0.0168669703639249
"118",33.83062,-117.93845,"Orange","weekday","NO2",0.158851845216768
"119",33.83062,-117.93845,"Orange","weekday","Ozone",0.359262292983848
"120",33.83062,-117.93845,"Orange","weekend","CO",0.0157419273778113
"121",33.83062,-117.93845,"Orange","weekend","NO2",0.122698768689534
"122",33.83062,-117.93845,"Orange","weekend","Ozone",0.398473426309838
"123",33.85275,-116.54101,"Riverside","weekday","CO",0.00367770637666831
"124",33.85275,-116.54101,"Riverside","weekday","NO2",0.0626931040533427
"125",33.85275,-116.54101,"Riverside","weekday","Ozone",0.605024371953506
"126",33.85275,-116.54101,"Riverside","weekend","CO",0.00381091414668057
"127",33.85275,-116.54101,"Riverside","weekend","NO2",0.0546565217391304
"128",33.85275,-116.54101,"Riverside","weekend","Ozone",0.595324900793651
"129",33.859444,-118.200278,"Los Angeles","weekday","NO2",0.272705825399387
"130",33.859444,-118.200278,"Los Angeles","weekend","NO2",0.156827600161878
"131",33.901389,-118.205,"Los Angeles","weekday","CO",0.0191677465098653
"132",33.901389,-118.205,"Los Angeles","weekday","NO2",0.166603592814371
"133",33.901389,-118.205,"Los Angeles","weekday","Ozone",0.362136627906977
"134",33.901389,-118.205,"Los Angeles","weekend","CO",0.0182337444617411
"135",33.901389,-118.205,"Los Angeles","weekend","NO2",0.129539396479464
"136",33.901389,-118.205,"Los Angeles","weekend","Ozone",0.396616212159119
"137",33.92086,-116.85841,"Riverside","weekday","NO2",0.0844483126110124
"138",33.92086,-116.85841,"Riverside","weekday","Ozone",0.560441648161855
"139",33.92086,-116.85841,"Riverside","weekend","NO2",0.0668942307692308
"140",33.92086,-116.85841,"Riverside","weekend","Ozone",0.567567085143095
"141",33.92513,-117.95264,"Orange","weekday","CO",0.00834538410285517
"142",33.92513,-117.95264,"Orange","weekday","NO2",0.155861398071625
"143",33.92513,-117.95264,"Orange","weekday","Ozone",0.349751363877758
"144",33.92513,-117.95264,"Orange","weekend","CO",0.00731438372947807
"145",33.92513,-117.95264,"Orange","weekend","NO2",0.125150610012621
"146",33.92513,-117.95264,"Orange","weekend","Ozone",0.382901951535876
"147",33.9397,-115.4108,"Riverside","weekday","Ozone",0.631687651331719
"148",33.9397,-115.4108,"Riverside","weekend","Ozone",0.621230492196879
"149",33.944713,-116.830074,"Riverside","weekday","NO2",0.0367413194444444
"150",33.944713,-116.830074,"Riverside","weekday","Ozone",0.670890223921354
"151",33.944713,-116.830074,"Riverside","weekend","NO2",0.0269153911564626
"152",33.944713,-116.830074,"Riverside","weekend","Ozone",0.672864224554175
"153",33.9508,-118.43043,"Los Angeles","weekday","CO",0.007438823036546
"154",33.9508,-118.43043,"Los Angeles","weekday","NO2",0.104536785714286
"155",33.9508,-118.43043,"Los Angeles","weekday","Ozone",0.438570457084568
"156",33.9508,-118.43043,"Los Angeles","weekday","SO2",0.00732490604714725
"157",33.9508,-118.43043,"Los Angeles","weekend","CO",0.0072468937637477
"158",33.9508,-118.43043,"Los Angeles","weekend","NO2",0.0945805484147386
"159",33.9508,-118.43043,"Los Angeles","weekend","Ozone",0.456497241460265
"160",33.9508,-118.43043,"Los Angeles","weekend","SO2",0.00728841118919664
"161",33.995638,-117.493304,"Riverside","weekday","CO",0.0067248089952429
"162",33.995638,-117.493304,"Riverside","weekday","NO2",0.143470953660175
"163",33.995638,-117.493304,"Riverside","weekday","Ozone",0.428525856279382
"164",33.995638,-117.493304,"Riverside","weekend","CO",0.00716664684191745
"165",33.995638,-117.493304,"Riverside","weekend","NO2",0.118381524440762
"166",33.995638,-117.493304,"Riverside","weekend","Ozone",0.452278376139188
"167",33.99958,-117.41601,"Riverside","weekday","CO",0.0097182992181323
"168",33.99958,-117.41601,"Riverside","weekday","NO2",0.156161045531197
"169",33.99958,-117.41601,"Riverside","weekday","Ozone",0.429406276088985
"170",33.99958,-117.41601,"Riverside","weekday","SO2",0.00320721315080543
"171",33.99958,-117.41601,"Riverside","weekend","CO",0.00999788406435971
"172",33.99958,-117.41601,"Riverside","weekend","NO2",0.130063452822414
"173",33.99958,-117.41601,"Riverside","weekend","Ozone",0.453854632294409
"174",33.99958,-117.41601,"Riverside","weekend","SO2",0.00292370795734208
"175",34.01194,-118.06995,"Los Angeles","weekday","CO",0.0127017526847834
"176",34.01194,-118.06995,"Los Angeles","weekday","NO2",0.213666666666667
"177",34.01194,-118.06995,"Los Angeles","weekday","Ozone",0.300094017516948
"178",34.01194,-118.06995,"Los Angeles","weekend","CO",0.0123335856968144
"179",34.01194,-118.06995,"Los Angeles","weekend","NO2",0.165350789692436
"180",34.01194,-118.06995,"Los Angeles","weekend","Ozone",0.351478446740292
"181",34.030833,-117.61722,"San Bernardino","weekday","NO2",0.342542603841734
"182",34.030833,-117.61722,"San Bernardino","weekend","NO2",0.228708470394737
"183",34.05111,-118.45636,"Los Angeles","weekday","CO",0.00892120191235849
"184",34.05111,-118.45636,"Los Angeles","weekday","NO2",0.120146722164412
"185",34.05111,-118.45636,"Los Angeles","weekday","Ozone",0.411347816393767
"186",34.05111,-118.45636,"Los Angeles","weekend","CO",0.00898448001955273
"187",34.05111,-118.45636,"Los Angeles","weekend","NO2",0.104630072618539
"188",34.05111,-118.45636,"Los Angeles","weekend","Ozone",0.42558862998658
"189",34.05977,-117.14731,"San Bernardino","weekday","Ozone",0.504955684742209
"190",34.05977,-117.14731,"San Bernardino","weekend","Ozone",0.548030374940674
"191",34.06659,-118.22688,"Los Angeles","weekday","CO",0.0122303307340683
"192",34.06659,-118.22688,"Los Angeles","weekday","NO2",0.220065409446143
"193",34.06659,-118.22688,"Los Angeles","weekday","Ozone",0.330992653340167
"194",34.06659,-118.22688,"Los Angeles","weekday","SO2",0.00439984231570648
"195",34.06659,-118.22688,"Los Angeles","weekend","CO",0.0114062012554689
"196",34.06659,-118.22688,"Los Angeles","weekend","NO2",0.176910404624277
"197",34.06659,-118.22688,"Los Angeles","weekend","Ozone",0.376539485359361
"198",34.06659,-118.22688,"Los Angeles","weekend","SO2",0.00370357894736842
"199",34.06703,-117.7514,"Los Angeles","weekday","CO",0.00906444298149367
"200",34.06703,-117.7514,"Los Angeles","weekday","NO2",0.213846815834768
"201",34.06703,-117.7514,"Los Angeles","weekday","Ozone",0.335157145295394
"202",34.06703,-117.7514,"Los Angeles","weekend","CO",0.00851831733961012
"203",34.06703,-117.7514,"Los Angeles","weekend","NO2",0.170779797125951
"204",34.06703,-117.7514,"Los Angeles","weekend","Ozone",0.387235198261814
"205",34.067802,-117.526711,"San Bernardino","weekday","CO",0.0138165756131582
"206",34.067802,-117.526711,"San Bernardino","weekday","NO2",0.321595400766539
"207",34.067802,-117.526711,"San Bernardino","weekend","CO",0.0125698387463093
"208",34.067802,-117.526711,"San Bernardino","weekend","NO2",0.222926553672316
"209",34.06957,-116.38893,"San Bernardino","weekday","Ozone",0.716566898560103
"210",34.06957,-116.38893,"San Bernardino","weekend","Ozone",0.692026314297057
"211",34.10002,-117.49201,"San Bernardino","weekday","CO",0.00614508453984003
"212",34.10002,-117.49201,"San Bernardino","weekday","NO2",0.196314300680985
"213",34.10002,-117.49201,"San Bernardino","weekday","Ozone",0.381995044282525
"214",34.10002,-117.49201,"San Bernardino","weekday","SO2",0.00538500753099293
"215",34.10002,-117.49201,"San Bernardino","weekend","CO",0.00548327727359269
"216",34.10002,-117.49201,"San Bernardino","weekend","NO2",0.146239879414298
"217",34.10002,-117.49201,"San Bernardino","weekend","Ozone",0.442754714707477
"218",34.10002,-117.49201,"San Bernardino","weekend","SO2",0.0043458904109589
"219",34.10374,-117.62914,"San Bernardino","weekday","CO",0.0142086129071612
"220",34.10374,-117.62914,"San Bernardino","weekday","NO2",0.178895213675214
"221",34.10374,-117.62914,"San Bernardino","weekday","Ozone",0.451599365621569
"222",34.10374,-117.62914,"San Bernardino","weekend","CO",0.0133775300674685
"223",34.10374,-117.62914,"San Bernardino","weekend","NO2",0.133341332230037
"224",34.10374,-117.62914,"San Bernardino","weekend","Ozone",0.516845751864248
"225",34.10688,-117.27411,"San Bernardino","weekday","CO",0.0148509763617677
"226",34.10688,-117.27411,"San Bernardino","weekday","NO2",0.176485184543407
"227",34.10688,-117.27411,"San Bernardino","weekday","Ozone",0.44124339505879
"228",34.10688,-117.27411,"San Bernardino","weekend","CO",0.0144866535877772
"229",34.10688,-117.27411,"San Bernardino","weekend","NO2",0.141887640449438
"230",34.10688,-117.27411,"San Bernardino","weekend","Ozone",0.490511161624993
"231",34.1326,-118.1272,"Los Angeles","weekday","CO",0.00780742178025709
"232",34.1326,-118.1272,"Los Angeles","weekday","NO2",0.1645979976243
"233",34.1326,-118.1272,"Los Angeles","weekday","Ozone",0.3704
"234",34.1326,-118.1272,"Los Angeles","weekend","CO",0.00709380234505863
"235",34.1326,-118.1272,"Los Angeles","weekend","NO2",0.129335845896147
"236",34.1326,-118.1272,"Los Angeles","weekend","Ozone",0.409871349307969
"237",34.1365,-117.92391,"Los Angeles","weekday","CO",0.00978601315002989
"238",34.1365,-117.92391,"Los Angeles","weekday","NO2",0.179935564853556
"239",34.1365,-117.92391,"Los Angeles","weekday","Ozone",0.417138552776316
"240",34.1365,-117.92391,"Los Angeles","weekend","CO",0.00922279189000233
"241",34.1365,-117.92391,"Los Angeles","weekend","NO2",0.131784257748777
"242",34.1365,-117.92391,"Los Angeles","weekend","Ozone",0.477318806804941
"243",34.14435,-117.85036,"Los Angeles","weekday","CO",0.00658936775322687
"244",34.14435,-117.85036,"Los Angeles","weekday","NO2",0.125650336700337
"245",34.14435,-117.85036,"Los Angeles","weekday","Ozone",0.451227090666343
"246",34.14435,-117.85036,"Los Angeles","weekend","CO",0.00623494152905918
"247",34.14435,-117.85036,"Los Angeles","weekend","NO2",0.091986847513358
"248",34.14435,-117.85036,"Los Angeles","weekend","Ozone",0.503499263622975
"249",34.19925,-118.53276,"Los Angeles","weekday","CO",0.0151893052302888
"250",34.19925,-118.53276,"Los Angeles","weekday","NO2",0.134723961998593
"251",34.19925,-118.53276,"Los Angeles","weekday","Ozone",0.454415495706479
"252",34.19925,-118.53276,"Los Angeles","weekend","CO",0.0147240994299818
"253",34.19925,-118.53276,"Los Angeles","weekend","NO2",0.113721009841677
"254",34.19925,-118.53276,"Los Angeles","weekend","Ozone",0.468302285949345
"255",34.210154,-118.870496,"Ventura","weekday","Ozone",0.444172902221917
"256",34.210154,-118.870496,"Ventura","weekend","Ozone",0.443952116191989
"257",34.2431,-117.27235,"San Bernardino","weekday","Ozone",0.627147094830022
"258",34.2431,-117.27235,"San Bernardino","weekend","Ozone",0.638671556642217
"259",34.252378,-119.143176,"Ventura","weekday","NO2",0.0585412120194729
"260",34.252378,-119.143176,"Ventura","weekday","Ozone",0.389460338723567
"261",34.252378,-119.143176,"Ventura","weekend","NO2",0.0425332225913621
"262",34.252378,-119.143176,"Ventura","weekend","Ozone",0.403968913146654
"263",34.276362,-118.683757,"Ventura","weekday","NO2",0.0868700621953269
"264",34.276362,-118.683757,"Ventura","weekday","Ozone",0.461093918675783
"265",34.276362,-118.683757,"Ventura","weekend","NO2",0.0693913043478261
"266",34.276362,-118.683757,"Ventura","weekend","Ozone",0.464931771525178
"267",34.38344,-118.5284,"Los Angeles","weekday","CO",0.00617689896072478
"268",34.38344,-118.5284,"Los Angeles","weekday","NO2",0.110368522072937
"269",34.38344,-118.5284,"Los Angeles","weekday","Ozone",0.468504149683249
"270",34.38344,-118.5284,"Los Angeles","weekend","CO",0.00582435989471165
"271",34.38344,-118.5284,"Los Angeles","weekend","NO2",0.0801865926558497
"272",34.38344,-118.5284,"Los Angeles","weekend","Ozone",0.486552157519899
"273",34.402773,-119.458454,"Santa Barbara","weekday","NO2",0.0125569921742089
"274",34.402773,-119.458454,"Santa Barbara","weekday","Ozone",0.371821688176828
"275",34.402773,-119.458454,"Santa Barbara","weekend","NO2",0.0103202697008007
"276",34.402773,-119.458454,"Santa Barbara","weekend","Ozone",0.376176200672989
"277",34.404268,-118.809946,"Ventura","weekday","Ozone",0.440980037129564
"278",34.404268,-118.809946,"Ventura","weekend","Ozone",0.44370815840236
"279",34.414942,-119.879511,"Santa Barbara","weekday","SO2",0.00754907010014306
"280",34.414942,-119.879511,"Santa Barbara","weekend","SO2",0.00734299516908213
"281",34.418073,-117.285597,"San Bernardino","weekday","Ozone",0.596616541353383
"282",34.418073,-117.285597,"San Bernardino","weekend","Ozone",0.606548365895919
"283",34.426126,-117.563939,"San Bernardino","weekday","Ozone",0.658609009543589
"284",34.426126,-117.563939,"San Bernardino","weekend","Ozone",0.658891369047619
"285",34.427775,-119.691218,"Santa Barbara","weekday","CO",0.00692654988795991
"286",34.427775,-119.691218,"Santa Barbara","weekday","NO2",0.0827476986021139
"287",34.427775,-119.691218,"Santa Barbara","weekday","Ozone",0.380541045670197
"288",34.427775,-119.691218,"Santa Barbara","weekend","CO",0.00626385720196229
"289",34.427775,-119.691218,"Santa Barbara","weekend","NO2",0.0618544917756221
"290",34.427775,-119.691218,"Santa Barbara","weekend","Ozone",0.408014658076718
"291",34.44551,-119.8284,"Santa Barbara","weekday","CO",0.00461257843280315
"292",34.44551,-119.8284,"Santa Barbara","weekday","NO2",0.0305656451002649
"293",34.44551,-119.8284,"Santa Barbara","weekday","Ozone",0.383370573662991
"294",34.44551,-119.8284,"Santa Barbara","weekend","CO",0.00443177769861062
"295",34.44551,-119.8284,"Santa Barbara","weekend","NO2",0.0206318812829105
"296",34.44551,-119.8284,"Santa Barbara","weekend","Ozone",0.393946228262805
"297",34.448048,-119.231321,"Ventura","weekday","Ozone",0.392496813810682
"298",34.448048,-119.231321,"Ventura","weekend","Ozone",0.390419433566037
"299",34.46245,-120.02551,"Santa Barbara","weekday","NO2",0.0301091854419411
"300",34.46245,-120.02551,"Santa Barbara","weekday","Ozone",0.461005118659842
"301",34.46245,-120.02551,"Santa Barbara","weekday","SO2",0.00123643012227174
"302",34.46245,-120.02551,"Santa Barbara","weekend","NO2",0.022569119523607
"303",34.46245,-120.02551,"Santa Barbara","weekend","Ozone",0.469275187969925
"304",34.46245,-120.02551,"Santa Barbara","weekend","SO2",0.0013030047739399
"305",34.48974,-120.04692,"Santa Barbara","weekday","CO",0.00414851534725352
"306",34.48974,-120.04692,"Santa Barbara","weekday","NO2",0.00262895589334662
"307",34.48974,-120.04692,"Santa Barbara","weekday","Ozone",0.534969031673297
"308",34.48974,-120.04692,"Santa Barbara","weekday","SO2",0.0015762437548378
"309",34.48974,-120.04692,"Santa Barbara","weekend","CO",0.00382135462880805
"310",34.48974,-120.04692,"Santa Barbara","weekend","NO2",0.00274818401937046
"311",34.48974,-120.04692,"Santa Barbara","weekend","Ozone",0.525679631953158
"312",34.48974,-120.04692,"Santa Barbara","weekend","SO2",0.00106824925816024
"313",34.510014,-117.331433,"San Bernardino","weekday","CO",0.0124750333308178
"314",34.510014,-117.331433,"San Bernardino","weekday","NO2",0.121771926271015
"315",34.510014,-117.331433,"San Bernardino","weekday","Ozone",0.530046786113031
"316",34.510014,-117.331433,"San Bernardino","weekday","SO2",0.00805744410107253
"317",34.510014,-117.331433,"San Bernardino","weekend","CO",0.0118940052128584
"318",34.510014,-117.331433,"San Bernardino","weekend","NO2",0.0974869611495476
"319",34.510014,-117.331433,"San Bernardino","weekend","Ozone",0.535420656198136
"320",34.510014,-117.331433,"San Bernardino","weekend","SO2",0.00751071953010279
"321",34.52744,-120.1965,"Santa Barbara","weekday","NO2",0.0271223021582734
"322",34.52744,-120.1965,"Santa Barbara","weekday","Ozone",0.429758863177361
"323",34.52744,-120.1965,"Santa Barbara","weekend","NO2",0.0173617560151963
"324",34.52744,-120.1965,"Santa Barbara","weekend","Ozone",0.44000600240096
"325",34.54166,-119.79146,"Santa Barbara","weekday","NO2",0.00808703535811423
"326",34.54166,-119.79146,"Santa Barbara","weekday","Ozone",0.458458409494632
"327",34.54166,-119.79146,"Santa Barbara","weekend","NO2",0.00683348095659876
"328",34.54166,-119.79146,"Santa Barbara","weekend","Ozone",0.450927273878094
"329",34.596095,-120.631282,"Santa Barbara","weekday","CO",0.00555175983436853
"330",34.596095,-120.631282,"Santa Barbara","weekday","NO2",0.00312329266071754
"331",34.596095,-120.631282,"Santa Barbara","weekday","Ozone",0.479667654257375
"332",34.596095,-120.631282,"Santa Barbara","weekday","SO2",0.000558794946550049
"333",34.596095,-120.631282,"Santa Barbara","weekend","CO",0.00564499164759018
"334",34.596095,-120.631282,"Santa Barbara","weekend","NO2",0.00277296360485269
"335",34.596095,-120.631282,"Santa Barbara","weekend","Ozone",0.479611289923248
"336",34.596095,-120.631282,"Santa Barbara","weekend","SO2",0.000554572271386431
"337",34.605819,-120.075069,"Santa Barbara","weekday","Ozone",0.395391474346748
"338",34.605819,-120.075069,"Santa Barbara","weekend","Ozone",0.401414898044112
"339",34.63782,-120.4575,"Santa Barbara","weekday","CO",0.00611696048632219
"340",34.63782,-120.4575,"Santa Barbara","weekday","NO2",0.0353097345132743
"341",34.63782,-120.4575,"Santa Barbara","weekday","Ozone",0.379028493630264
"342",34.63782,-120.4575,"Santa Barbara","weekday","SO2",0.00422487223168654
"343",34.63782,-120.4575,"Santa Barbara","weekend","CO",0.00583496007098492
"344",34.63782,-120.4575,"Santa Barbara","weekend","NO2",0.0244057971014493
"345",34.63782,-120.4575,"Santa Barbara","weekend","Ozone",0.39052942916297
"346",34.63782,-120.4575,"Santa Barbara","weekend","SO2",0.00356107660455487
"347",34.671394,-118.131456,"Los Angeles","weekday","CO",0.00735760001976919
"348",34.671394,-118.131456,"Los Angeles","weekday","NO2",0.0898416
"349",34.671394,-118.131456,"Los Angeles","weekday","Ozone",0.570849725612048
"350",34.671394,-118.131456,"Los Angeles","weekend","CO",0.00676524502016375
"351",34.671394,-118.131456,"Los Angeles","weekend","NO2",0.0649231837112448
"352",34.671394,-118.131456,"Los Angeles","weekend","Ozone",0.594736842105263
"353",34.725538,-120.428774,"Santa Barbara","weekday","NO2",0.00729449040661855
"354",34.725538,-120.428774,"Santa Barbara","weekday","Ozone",0.475368258936334
"355",34.725538,-120.428774,"Santa Barbara","weekday","SO2",0
"356",34.725538,-120.428774,"Santa Barbara","weekend","NO2",0.00619778346121057
"357",34.725538,-120.428774,"Santa Barbara","weekend","Ozone",0.471945646945647
"358",34.725538,-120.428774,"Santa Barbara","weekend","SO2",0
"359",34.895007,-117.024484,"San Bernardino","weekday","CO",0.00589678078691875
"360",34.895007,-117.024484,"San Bernardino","weekday","NO2",0.146905241591258
"361",34.895007,-117.024484,"San Bernardino","weekday","Ozone",0.490960994216808
"362",34.895007,-117.024484,"San Bernardino","weekend","CO",0.00576712904581757
"363",34.895007,-117.024484,"San Bernardino","weekend","NO2",0.128775313807531
"364",34.895007,-117.024484,"San Bernardino","weekend","Ozone",0.502219618965411
"365",34.949147,-120.43763,"Santa Barbara","weekday","CO",0.00526050420168067
"366",34.949147,-120.43763,"Santa Barbara","weekday","NO2",0.0650178842584782
"367",34.949147,-120.43763,"Santa Barbara","weekday","Ozone",0.36055644909619
"368",34.949147,-120.43763,"Santa Barbara","weekend","CO",0.00510997282287605
"369",34.949147,-120.43763,"Santa Barbara","weekend","NO2",0.0525550041356493
"370",34.949147,-120.43763,"Santa Barbara","weekend","Ozone",0.377502067824648
"371",35.02083,-120.56388,"San Luis Obispo","weekday","SO2",0.00049930030786454
"372",35.02083,-120.56388,"San Luis Obispo","weekend","SO2",0.000485651214128035
"373",35.03146,-120.50103,"San Luis Obispo","weekday","NO2",0.0225373134328358
"374",35.03146,-120.50103,"San Luis Obispo","weekday","Ozone",0.420998132744865
"375",35.03146,-120.50103,"San Luis Obispo","weekend","NO2",0.0170303304662743
"376",35.03146,-120.50103,"San Luis Obispo","weekend","Ozone",0.42918944616116
"377",35.050551,-118.147294,"Kern","weekday","Ozone",0.669667386185243
"378",35.050551,-118.147294,"Kern","weekend","Ozone",0.674184619087736
"379",35.05443,-119.404826,"Kern","weekday","Ozone",0.62142252533314
"380",35.05443,-119.404826,"Kern","weekend","Ozone",0.623070918152885
"381",35.1019,-115.7767,"San Bernardino","weekday","Ozone",0.773681006493506
"382",35.1019,-115.7767,"San Bernardino","weekend","Ozone",0.746038788186082
"383",35.23668,-118.789424,"Kern","weekday","CO",0.00469740634005764
"384",35.23668,-118.789424,"Kern","weekday","Ozone",0.499414737962224
"385",35.23668,-118.789424,"Kern","weekend","CO",0.00485089463220676
"386",35.23668,-118.789424,"Kern","weekend","Ozone",0.513096254727339
"387",35.256577,-120.669861,"San Luis Obispo","weekday","Ozone",0.390513541865344
"388",35.256577,-120.669861,"San Luis Obispo","weekend","Ozone",0.41156462585034
"389",35.331302,-119.000974,"Kern","weekday","CO",0.00770809572549593
"390",35.331302,-119.000974,"Kern","weekday","NO2",0.118503488174239
"391",35.331302,-119.000974,"Kern","weekday","Ozone",0.436107548220033
"392",35.331302,-119.000974,"Kern","weekend","CO",0.00749184881053013
"393",35.331302,-119.000974,"Kern","weekend","NO2",0.0944741086587436
"394",35.331302,-119.000974,"Kern","weekend","Ozone",0.468810328185328
"395",35.346094,-118.852037,"Kern","weekday","NO2",0.0635841771065729
"396",35.346094,-118.852037,"Kern","weekday","Ozone",0.540518871311299
"397",35.346094,-118.852037,"Kern","weekend","NO2",0.0532446808510638
"398",35.346094,-118.852037,"Kern","weekend","Ozone",0.556803005008347
"399",35.35472,-120.04019,"San Luis Obispo","weekday","Ozone",0.466405235047876
"400",35.35472,-120.04019,"San Luis Obispo","weekend","Ozone",0.467434190435473
"401",35.356092,-119.041209,"Kern","weekday","NO2",0.130832942026368
"402",35.356092,-119.041209,"Kern","weekday","Ozone",0.436698671321889
"403",35.356092,-119.041209,"Kern","weekend","NO2",0.106919658886894
"404",35.356092,-119.041209,"Kern","weekend","Ozone",0.454161232957913
"405",35.36631,-120.84271,"San Luis Obispo","weekday","NO2",0.0425258799171843
"406",35.36631,-120.84271,"San Luis Obispo","weekday","Ozone",0.394237012987013
"407",35.36631,-120.84271,"San Luis Obispo","weekend","NO2",0.0262374581939799
"408",35.36631,-120.84271,"San Luis Obispo","weekend","Ozone",0.407857733664185
"409",35.438869,-119.016765,"Kern","weekday","Ozone",0.488536124935644
"410",35.438869,-119.016765,"Kern","weekend","Ozone",0.505726708074534
"411",35.49453,-120.66617,"San Luis Obispo","weekday","NO2",0.0414401212733704
"412",35.49453,-120.66617,"San Luis Obispo","weekday","Ozone",0.343932801547015
"413",35.49453,-120.66617,"San Luis Obispo","weekend","NO2",0.0322508305647841
"414",35.49453,-120.66617,"San Luis Obispo","weekend","Ozone",0.356476745569169
"415",35.503587,-119.272606,"Kern","weekday","NO2",0.10025783619818
"416",35.503587,-119.272606,"Kern","weekday","Ozone",0.450942755223374
"417",35.503587,-119.272606,"Kern","weekend","NO2",0.0841048454469507
"418",35.503587,-119.272606,"Kern","weekend","Ozone",0.465652225802602
"419",35.631629,-120.690977,"San Luis Obispo","weekday","Ozone",0.402595667525527
"420",35.631629,-120.690977,"San Luis Obispo","weekend","Ozone",0.421129843241644
"421",35.64368,-120.23135,"San Luis Obispo","weekday","Ozone",0.609559358185079
"422",35.64368,-120.23135,"San Luis Obispo","weekend","Ozone",0.605776397515528
"423",35.763873,-117.397004,"San Bernardino","weekday","NO2",0.0538123803446075
"424",35.763873,-117.397004,"San Bernardino","weekday","Ozone",0.550167129486784
"425",35.763873,-117.397004,"San Bernardino","weekday","SO2",0.01379003003003
"426",35.763873,-117.397004,"San Bernardino","weekend","NO2",0.0389769313304721
"427",35.763873,-117.397004,"San Bernardino","weekend","Ozone",0.561700920438785
"428",35.763873,-117.397004,"San Bernardino","weekend","SO2",0.0141219908433023
"429",36.031831,-119.055018,"Tulare","weekday","Ozone",0.494852082522382
"430",36.031831,-119.055018,"Tulare","weekend","Ozone",0.499946271864366
"431",36.209286,-121.126371,"Monterey","weekday","Ozone",0.341288695253382
"432",36.209286,-121.126371,"Monterey","weekend","Ozone",0.360019328065488
"433",36.233274,-119.766212,"Kings","weekday","Ozone",0.420612419177748
"434",36.233274,-119.766212,"Kings","weekend","Ozone",0.424692604692605
"435",36.314399,-119.64457,"Kings","weekday","NO2",0.0908987610619469
"436",36.314399,-119.64457,"Kings","weekday","Ozone",0.450168168315616
"437",36.314399,-119.64457,"Kings","weekend","NO2",0.0794745030250648
"438",36.314399,-119.64457,"Kings","weekend","Ozone",0.467705849990831
"439",36.332179,-119.291228,"Tulare","weekday","NO2",0.0947170493581631
"440",36.332179,-119.291228,"Tulare","weekday","Ozone",0.394392455037286
"441",36.332179,-119.291228,"Tulare","weekend","NO2",0.0765859129654554
"442",36.332179,-119.291228,"Tulare","weekend","Ozone",0.41177664350286
"443",36.48324,-121.15688,"San Benito","weekday","Ozone",0.407877234307884
"444",36.48324,-121.15688,"San Benito","weekend","Ozone",0.430555555555556
"445",36.48947,-118.82915,"Tulare","weekday","Ozone",0.603752609236109
"446",36.48947,-118.82915,"Tulare","weekend","Ozone",0.587387853692201
"447",36.495767,-121.731571,"Monterey","weekday","Ozone",0.333056904609182
"448",36.495767,-121.731571,"Monterey","weekend","Ozone",0.337069160997732
"449",36.508611,-116.847778,"Inyo","weekday","Ozone",0.632902439670472
"450",36.508611,-116.847778,"Inyo","weekend","Ozone",0.647076986414162
"451",36.567178,-118.778995,"Tulare","weekday","Ozone",0.750601111018987
"452",36.567178,-118.778995,"Tulare","weekend","Ozone",0.726570197044335
"453",36.59745,-119.504569,"Fresno","weekday","NO2",0.06546875
"454",36.59745,-119.504569,"Fresno","weekday","Ozone",0.459847339413744
"455",36.59745,-119.504569,"Fresno","weekend","NO2",0.0544885226603885
"456",36.59745,-119.504569,"Fresno","weekend","Ozone",0.481551640926641
"457",36.634225,-120.382331,"Fresno","weekday","CO",0.00386413783390451
"458",36.634225,-120.382331,"Fresno","weekday","Ozone",0.44459815219551
"459",36.634225,-120.382331,"Fresno","weekend","CO",0.00383229301613473
"460",36.634225,-120.382331,"Fresno","weekend","Ozone",0.453557422969188
"461",36.69676,-121.637182,"Monterey","weekday","CO",0.00917826755039791
"462",36.69676,-121.637182,"Monterey","weekday","NO2",0.0467256938532266
"463",36.69676,-121.637182,"Monterey","weekday","Ozone",0.35171955550464
"464",36.69676,-121.637182,"Monterey","weekend","CO",0.00934807256235828
"465",36.69676,-121.637182,"Monterey","weekend","NO2",0.0381600660066007
"466",36.69676,-121.637182,"Monterey","weekend","Ozone",0.365566893424036
"467",36.705506,-119.741966,"Fresno","weekday","NO2",0.105869239858212
"468",36.705506,-119.741966,"Fresno","weekday","Ozone",0.43996646310942
"469",36.705506,-119.741966,"Fresno","weekend","NO2",0.0794076690211907
"470",36.705506,-119.741966,"Fresno","weekend","Ozone",0.471028446389497
"471",36.710833,-119.7775,"Fresno","weekday","NO2",0.228925340990668
"472",36.710833,-119.7775,"Fresno","weekend","NO2",0.150781907747425
"473",36.785322,-119.774174,"Fresno","weekday","CO",0.0102768696148903
"474",36.785322,-119.774174,"Fresno","weekday","NO2",0.107873904827349
"475",36.785322,-119.774174,"Fresno","weekday","Ozone",0.44716212590551
"476",36.785322,-119.774174,"Fresno","weekday","SO2",0.00617192865846904
"477",36.785322,-119.774174,"Fresno","weekend","CO",0.00927450980392157
"478",36.785322,-119.774174,"Fresno","weekend","NO2",0.0917645824590852
"479",36.785322,-119.774174,"Fresno","weekend","Ozone",0.460476389969477
"480",36.785322,-119.774174,"Fresno","weekend","SO2",0.00610036719706242
"481",36.819111,-119.717356,"Fresno","weekday","CO",0.0117432567432567
"482",36.819111,-119.717356,"Fresno","weekday","NO2",0.0928484381025839
"483",36.819111,-119.717356,"Fresno","weekday","Ozone",0.462810142238714
"484",36.819111,-119.717356,"Fresno","weekend","CO",0.0111332087077127
"485",36.819111,-119.717356,"Fresno","weekend","NO2",0.07412646484375
"486",36.819111,-119.717356,"Fresno","weekend","Ozone",0.489166716876544
"487",36.841331,-119.875415,"Fresno","weekday","NO2",0.0670741489720256
"488",36.841331,-119.875415,"Fresno","weekday","Ozone",0.443892234395028
"489",36.841331,-119.875415,"Fresno","weekend","NO2",0.056220253164557
"490",36.841331,-119.875415,"Fresno","weekend","Ozone",0.462549897181565
"491",36.844096,-121.362121,"San Benito","weekday","Ozone",0.359619759506012
"492",36.844096,-121.362121,"San Benito","weekend","Ozone",0.380108278030038
"493",36.867125,-120.010158,"Madera","weekday","CO",0.00541722839477477
"494",36.867125,-120.010158,"Madera","weekday","NO2",0.0591972597927279
"495",36.867125,-120.010158,"Madera","weekday","Ozone",0.409879334496572
"496",36.867125,-120.010158,"Madera","weekend","CO",0.00513346316874785
"497",36.867125,-120.010158,"Madera","weekend","NO2",0.0446061538461538
"498",36.867125,-120.010158,"Madera","weekend","Ozone",0.436288998357964
"499",36.953256,-120.034203,"Madera","weekday","Ozone",0.438115378108611
"500",36.953256,-120.034203,"Madera","weekend","Ozone",0.45475300954753
"501",36.983921,-121.989328,"Santa Cruz","weekday","Ozone",0.313258198143991
"502",36.983921,-121.989328,"Santa Cruz","weekend","Ozone",0.325812608444187
"503",36.985119,-119.658339,"Fresno","weekday","Ozone",0.513311633918101
"504",36.985119,-119.658339,"Fresno","weekend","Ozone",0.516251039068994
"505",36.999571,-121.574684,"Santa Clara","weekday","Ozone",0.337714715144575
"506",36.999571,-121.574684,"Santa Clara","weekend","Ozone",0.371597160603372
"507",37.079379,-121.600031,"Santa Clara","weekday","Ozone",0.367172634178226
"508",37.079379,-121.600031,"Santa Clara","weekend","Ozone",0.399829931972789
"509",37.226862,-121.979675,"Santa Clara","weekday","Ozone",0.352877182937303
"510",37.226862,-121.979675,"Santa Clara","weekend","Ozone",0.387615493958777
"511",37.281598,-120.434992,"Merced","weekday","NO2",0.0723544415127529
"512",37.281598,-120.434992,"Merced","weekday","Ozone",0.41883588938534
"513",37.281598,-120.434992,"Merced","weekend","NO2",0.060754830399313
"514",37.281598,-120.434992,"Merced","weekend","Ozone",0.437077839985552
"515",37.338135,-121.849783,"Santa Clara","weekday","CO",0.0176455070865009
"516",37.338135,-121.849783,"Santa Clara","weekday","NO2",0.170999159946237
"517",37.338135,-121.849783,"Santa Clara","weekend","CO",0.0165524992605738
"518",37.338135,-121.849783,"Santa Clara","weekend","NO2",0.130715062761506
"519",37.348497,-121.894898,"Santa Clara","weekday","CO",0.00964954862071567
"520",37.348497,-121.894898,"Santa Clara","weekday","NO2",0.122906737588652
"521",37.348497,-121.894898,"Santa Clara","weekday","Ozone",0.307277102330294
"522",37.348497,-121.894898,"Santa Clara","weekday","SO2",0.00287657172183731
"523",37.348497,-121.894898,"Santa Clara","weekend","CO",0.00817378472222222
"524",37.348497,-121.894898,"Santa Clara","weekend","NO2",0.0872683982683983
"525",37.348497,-121.894898,"Santa Clara","weekend","Ozone",0.350550401978973
"526",37.348497,-121.894898,"Santa Clara","weekend","SO2",0.00226653633105246
"527",37.360684,-118.330783,"Inyo","weekday","CO",0.00332627390129142
"528",37.360684,-118.330783,"Inyo","weekday","Ozone",0.489924609196233
"529",37.360684,-118.330783,"Inyo","weekday","SO2",8.32480382122143e-05
"530",37.360684,-118.330783,"Inyo","weekend","CO",0.00342938399952202
"531",37.360684,-118.330783,"Inyo","weekend","Ozone",0.503550987034225
"532",37.360684,-118.330783,"Inyo","weekend","SO2",8.81542699724518e-05
"533",37.482934,-122.20337,"San Mateo","weekday","CO",0.0108468111813837
"534",37.482934,-122.20337,"San Mateo","weekday","NO2",0.102541871087802
"535",37.482934,-122.20337,"San Mateo","weekday","Ozone",0.286666024142833
"536",37.482934,-122.20337,"San Mateo","weekend","CO",0.00948438978240303
"537",37.482934,-122.20337,"San Mateo","weekend","NO2",0.073460678807947
"538",37.482934,-122.20337,"San Mateo","weekend","Ozone",0.324733916745506
"539",37.487981,-120.837005,"Stanislaus","weekday","NO2",0.0956785589366912
"540",37.487981,-120.837005,"Stanislaus","weekday","Ozone",0.380740212823474
"541",37.487981,-120.837005,"Stanislaus","weekend","NO2",0.0797226373626374
"542",37.487981,-120.837005,"Stanislaus","weekend","Ozone",0.405474251423673
"543",37.549928,-119.844591,"Mariposa","weekday","Ozone",0.757079924480806
"544",37.549928,-119.844591,"Mariposa","weekend","Ozone",0.736761904761905
"545",37.641583,-120.994622,"Stanislaus","weekday","CO",0.00811922196244788
"546",37.641583,-120.994622,"Stanislaus","weekday","Ozone",0.38412212999369
"547",37.641583,-120.994622,"Stanislaus","weekend","CO",0.00743750372178884
"548",37.641583,-120.994622,"Stanislaus","weekend","Ozone",0.410699113970142
"549",37.654456,-122.031547,"Alameda","weekday","Ozone",0.408670271818931
"550",37.654456,-122.031547,"Alameda","weekend","Ozone",0.443176574977817
"551",37.682512,-121.443324,"San Joaquin","weekday","NO2",0.0535278867473989
"552",37.682512,-121.443324,"San Joaquin","weekday","Ozone",0.463424040107016
"553",37.682512,-121.443324,"San Joaquin","weekend","NO2",0.0328677721088435
"554",37.682512,-121.443324,"San Joaquin","weekend","Ozone",0.497504705239512
"555",37.687526,-121.784217,"Alameda","weekday","NO2",0.0935789297097802
"556",37.687526,-121.784217,"Alameda","weekday","Ozone",0.328993288590604
"557",37.687526,-121.784217,"Alameda","weekend","NO2",0.0649887920298879
"558",37.687526,-121.784217,"Alameda","weekend","Ozone",0.373212056358124
"559",37.689615,-121.631916,"Alameda","weekday","NO2",0.0305675879396985
"560",37.689615,-121.631916,"Alameda","weekday","Ozone",0.526310621482457
"561",37.689615,-121.631916,"Alameda","weekend","NO2",0.024004347826087
"562",37.689615,-121.631916,"Alameda","weekend","Ozone",0.536837413834086
"563",37.71325,-119.7062,"Mariposa","weekday","Ozone",0.632793176972281
"564",37.71325,-119.7062,"Mariposa","weekend","Ozone",0.636304578674496
"565",37.743065,-122.169935,"Alameda","weekday","CO",0.00966702107094529
"566",37.743065,-122.169935,"Alameda","weekday","NO2",0.104954860524091
"567",37.743065,-122.169935,"Alameda","weekday","Ozone",0.290192724644664
"568",37.743065,-122.169935,"Alameda","weekend","CO",0.00936409346347235
"569",37.743065,-122.169935,"Alameda","weekend","NO2",0.0831958632334318
"570",37.743065,-122.169935,"Alameda","weekend","Ozone",0.322845312037859
"571",37.743649,-121.934188,"Contra Costa","weekday","NO2",0.0567317872447693
"572",37.743649,-121.934188,"Contra Costa","weekday","Ozone",0.362131690800375
"573",37.743649,-121.934188,"Contra Costa","weekend","NO2",0.0405168040583386
"574",37.743649,-121.934188,"Contra Costa","weekend","Ozone",0.399719177461727
"575",37.765946,-122.399044,"San Francisco","weekday","CO",0.0115742997080609
"576",37.765946,-122.399044,"San Francisco","weekday","NO2",0.117912502161508
"577",37.765946,-122.399044,"San Francisco","weekday","Ozone",0.307690637065637
"578",37.765946,-122.399044,"San Francisco","weekend","CO",0.0103692744703515
"579",37.765946,-122.399044,"San Francisco","weekend","NO2",0.0795979123173278
"580",37.765946,-122.399044,"San Francisco","weekend","Ozone",0.351552795031056
"581",37.793624,-122.263376,"Alameda","weekday","CO",0.0119164352131385
"582",37.793624,-122.263376,"Alameda","weekday","NO2",0.181688254292028
"583",37.793624,-122.263376,"Alameda","weekend","CO",0.0121916592724046
"584",37.793624,-122.263376,"Alameda","weekend","NO2",0.125575365344468
"585",37.814781,-122.282347,"Alameda","weekday","CO",0.0140266748901395
"586",37.814781,-122.282347,"Alameda","weekday","NO2",0.130545486725664
"587",37.814781,-122.282347,"Alameda","weekday","Ozone",0.269706180344478
"588",37.814781,-122.282347,"Alameda","weekday","SO2",0.0122657290895633
"589",37.814781,-122.282347,"Alameda","weekend","CO",0.0125711709390699
"590",37.814781,-122.282347,"Alameda","weekend","NO2",0.0965013157894737
"591",37.814781,-122.282347,"Alameda","weekend","Ozone",0.3125
"592",37.814781,-122.282347,"Alameda","weekend","SO2",0.00933456505003849
"593",37.864767,-122.302741,"Alameda","weekday","CO",0.0171487179487179
"594",37.864767,-122.302741,"Alameda","weekday","NO2",0.166957526333673
"595",37.864767,-122.302741,"Alameda","weekday","Ozone",0.18884405295015
"596",37.864767,-122.302741,"Alameda","weekend","CO",0.0167682276229994
"597",37.864767,-122.302741,"Alameda","weekend","NO2",0.114420302013423
"598",37.864767,-122.302741,"Alameda","weekend","Ozone",0.250721381267739
"599",37.936013,-122.026154,"Contra Costa","weekday","CO",0.0079461586448486
"600",37.936013,-122.026154,"Contra Costa","weekday","NO2",0.0666168396384332
"601",37.936013,-122.026154,"Contra Costa","weekday","Ozone",0.353389016897081
"602",37.936013,-122.026154,"Contra Costa","weekday","SO2",0.0103413492481423
"603",37.936013,-122.026154,"Contra Costa","weekend","CO",0.00730198166223011
"604",37.936013,-122.026154,"Contra Costa","weekend","NO2",0.0487387163561077
"605",37.936013,-122.026154,"Contra Costa","weekend","Ozone",0.387435669920142
"606",37.936013,-122.026154,"Contra Costa","weekend","SO2",0.0100392496392496
"607",37.948172,-122.364852,"Contra Costa","weekday","SO2",0.00913948559317179
"608",37.948172,-122.364852,"Contra Costa","weekend","SO2",0.00823925863521483
"609",37.950741,-121.268523,"San Joaquin","weekday","CO",0.00776827954356237
"610",37.950741,-121.268523,"San Joaquin","weekday","NO2",0.129312445755945
"611",37.950741,-121.268523,"San Joaquin","weekday","Ozone",0.307725819042583
"612",37.950741,-121.268523,"San Joaquin","weekend","CO",0.00700893155258765
"613",37.950741,-121.268523,"San Joaquin","weekend","NO2",0.102892038349312
"614",37.950741,-121.268523,"San Joaquin","weekend","Ozone",0.33671917436176
"615",37.9604,-122.356811,"Contra Costa","weekday","CO",0.00953891392899323
"616",37.9604,-122.356811,"Contra Costa","weekday","NO2",0.0846332046332046
"617",37.9604,-122.356811,"Contra Costa","weekday","Ozone",0.321000503609199
"618",37.9604,-122.356811,"Contra Costa","weekday","SO2",0.010555223880597
"619",37.9604,-122.356811,"Contra Costa","weekend","CO",0.00945193929173693
"620",37.9604,-122.356811,"Contra Costa","weekend","NO2",0.0636682124789207
"621",37.9604,-122.356811,"Contra Costa","weekend","Ozone",0.354577210310768
"622",37.9604,-122.356811,"Contra Costa","weekend","SO2",0.00987476169526324
"623",37.97231,-122.520004,"Marin","weekday","CO",0.0101269041621686
"624",37.97231,-122.520004,"Marin","weekday","NO2",0.0997897031695455
"625",37.97231,-122.520004,"Marin","weekday","Ozone",0.308782535684299
"626",37.97231,-122.520004,"Marin","weekend","CO",0.00951197870452529
"627",37.97231,-122.520004,"Marin","weekend","NO2",0.0713242236024845
"628",37.97231,-122.520004,"Marin","weekend","Ozone",0.350547175391896
"629",37.981582,-120.379611,"Tuolumne","weekday","Ozone",0.5244260969694
"630",37.981582,-120.379611,"Tuolumne","weekend","Ozone",0.535741983135348
"631",38.006311,-121.641918,"Contra Costa","weekday","CO",0.0105044281863689
"632",38.006311,-121.641918,"Contra Costa","weekday","NO2",0.0537277927321669
"633",38.006311,-121.641918,"Contra Costa","weekday","Ozone",0.372479590126649
"634",38.006311,-121.641918,"Contra Costa","weekday","SO2",0.0198544732539126
"635",38.006311,-121.641918,"Contra Costa","weekend","CO",0.0104473902236951
"636",38.006311,-121.641918,"Contra Costa","weekend","NO2",0.0436097972972973
"637",38.006311,-121.641918,"Contra Costa","weekend","Ozone",0.395314995563443
"638",38.006311,-121.641918,"Contra Costa","weekend","SO2",0.0196808080808081
"639",38.012816,-122.134467,"Contra Costa","weekday","SO2",0.0164403257511935
"640",38.012816,-122.134467,"Contra Costa","weekend","SO2",0.0164649859943978
"641",38.05492,-122.233229,"Contra Costa","weekday","SO2",0.0293992600067272
"642",38.05492,-122.233229,"Contra Costa","weekend","SO2",0.0280258899676375
"643",38.102507,-122.237976,"Solano","weekday","CO",0.0110267330782743
"644",38.102507,-122.237976,"Solano","weekday","NO2",0.0773276645899983
"645",38.102507,-122.237976,"Solano","weekday","Ozone",0.329943434829703
"646",38.102507,-122.237976,"Solano","weekday","SO2",0.00997218799507129
"647",38.102507,-122.237976,"Solano","weekend","CO",0.0103714406116429
"648",38.102507,-122.237976,"Solano","weekend","NO2",0.0589336374948154
"649",38.102507,-122.237976,"Solano","weekend","Ozone",0.36191078201192
"650",38.102507,-122.237976,"Solano","weekend","SO2",0.0091147348317908
"651",38.201852,-120.681567,"Calaveras","weekday","Ozone",0.444733141045505
"652",38.201852,-120.681567,"Calaveras","weekend","Ozone",0.44890178201409
"653",38.227066,-122.075624,"Solano","weekday","Ozone",0.397892507090798
"654",38.227066,-122.075624,"Solano","weekend","Ozone",0.424826974267968
"655",38.302591,-121.420838,"Sacramento","weekday","NO2",0.0348882352941177
"656",38.302591,-121.420838,"Sacramento","weekday","Ozone",0.360993487358542
"657",38.302591,-121.420838,"Sacramento","weekend","NO2",0.0248446917014372
"658",38.302591,-121.420838,"Sacramento","weekend","Ozone",0.392982038777209
"659",38.310942,-122.296189,"Napa","weekday","CO",0.0118410768562744
"660",38.310942,-122.296189,"Napa","weekday","NO2",0.0746642434488588
"661",38.310942,-122.296189,"Napa","weekday","Ozone",0.301021778758515
"662",38.310942,-122.296189,"Napa","weekend","CO",0.0109837326234842
"663",38.310942,-122.296189,"Napa","weekend","NO2",0.0595218855218855
"664",38.310942,-122.296189,"Napa","weekend","Ozone",0.323164744158533
"665",38.339905,-120.763515,"Amador","weekday","Ozone",0.379207142857143
"666",38.339905,-120.763515,"Amador","weekend","Ozone",0.389750266303705
"667",38.358365,-121.950003,"Solano","weekday","Ozone",0.351321805732854
"668",38.358365,-121.950003,"Solano","weekend","Ozone",0.381164441919909
"669",38.403765,-122.818294,"Sonoma","weekday","CO",0.0103994266602962
"670",38.403765,-122.818294,"Sonoma","weekday","NO2",0.0470673913043478
"671",38.403765,-122.818294,"Sonoma","weekday","Ozone",0.277580028666985
"672",38.403765,-122.818294,"Sonoma","weekend","CO",0.00983627873987824
"673",38.403765,-122.818294,"Sonoma","weekend","NO2",0.0357745138601572
"674",38.403765,-122.818294,"Sonoma","weekend","Ozone",0.301814528045393
"675",38.494475,-121.211131,"Sacramento","weekday","Ozone",0.42126450447023
"676",38.494475,-121.211131,"Sacramento","weekend","Ozone",0.439693544628292
"677",38.53445,-121.7734,"Yolo","weekday","NO2",0.059224688684353
"678",38.53445,-121.7734,"Yolo","weekday","Ozone",0.343800515907137
"679",38.53445,-121.7734,"Yolo","weekend","NO2",0.0481988769302761
"680",38.53445,-121.7734,"Yolo","weekend","Ozone",0.369971742543171
"681",38.558228,-121.492981,"Sacramento","weekday","NO2",0.107256454720617
"682",38.558228,-121.492981,"Sacramento","weekday","Ozone",0.322919118883471
"683",38.558228,-121.492981,"Sacramento","weekend","NO2",0.0840376919497441
"684",38.558228,-121.492981,"Sacramento","weekend","Ozone",0.353110076056836
"685",38.593322,-121.503795,"Sacramento","weekday","CO",0.00798970654201195
"686",38.593322,-121.503795,"Sacramento","weekday","NO2",0.141255783212161
"687",38.593322,-121.503795,"Sacramento","weekend","CO",0.00757758921306521
"688",38.593322,-121.503795,"Sacramento","weekend","NO2",0.105805532953621
"689",38.613779,-121.368014,"Sacramento","weekday","CO",0.00782314026281654
"690",38.613779,-121.368014,"Sacramento","weekday","NO2",0.0623652585579024
"691",38.613779,-121.368014,"Sacramento","weekday","Ozone",0.357041223569074
"692",38.613779,-121.368014,"Sacramento","weekday","SO2",0.0356645238095238
"693",38.613779,-121.368014,"Sacramento","weekend","CO",0.00722069013112491
"694",38.613779,-121.368014,"Sacramento","weekend","NO2",0.0464186463469296
"695",38.613779,-121.368014,"Sacramento","weekend","Ozone",0.371495016611296
"696",38.613779,-121.368014,"Sacramento","weekend","SO2",0.0349888497652582
"697",38.650783,-121.506767,"Sacramento","weekday","CO",0.0124764494512965
"698",38.650783,-121.506767,"Sacramento","weekday","NO2",0.0707088220295767
"699",38.650783,-121.506767,"Sacramento","weekday","Ozone",0.383803535010197
"700",38.650783,-121.506767,"Sacramento","weekend","CO",0.011993824961406
"701",38.650783,-121.506767,"Sacramento","weekend","NO2",0.0542560266001662
"702",38.650783,-121.506767,"Sacramento","weekend","Ozone",0.415734473340458
"703",38.654069,-122.901857,"Sonoma","weekday","Ozone",0.35834989072124
"704",38.654069,-122.901857,"Sonoma","weekend","Ozone",0.374368822010955
"705",38.66121,-121.73269,"Yolo","weekday","Ozone",0.35872706155633
"706",38.66121,-121.73269,"Yolo","weekend","Ozone",0.384007936507936
"707",38.683304,-121.164457,"Sacramento","weekday","NO2",0.0302131258457375
"708",38.683304,-121.164457,"Sacramento","weekday","Ozone",0.444376695393331
"709",38.683304,-121.164457,"Sacramento","weekend","NO2",0.021231547870097
"710",38.683304,-121.164457,"Sacramento","weekend","Ozone",0.458655462184874
"711",38.71209,-121.38109,"Sacramento","weekday","CO",0.0143424187553607
"712",38.71209,-121.38109,"Sacramento","weekday","NO2",0.0629272314986601
"713",38.71209,-121.38109,"Sacramento","weekday","Ozone",0.37708471464273
"714",38.71209,-121.38109,"Sacramento","weekend","CO",0.0141086715974608
"715",38.71209,-121.38109,"Sacramento","weekend","NO2",0.0480322906155399
"716",38.71209,-121.38109,"Sacramento","weekend","Ozone",0.4067994802945
"717",38.725282,-120.821916,"El Dorado","weekday","Ozone",0.639571071130704
"718",38.725282,-120.821916,"El Dorado","weekend","Ozone",0.631167218543046
"719",38.745726,-121.266312,"Placer","weekday","NO2",0.0852423639978312
"720",38.745726,-121.266312,"Placer","weekday","Ozone",0.427950629353538
"721",38.745726,-121.266312,"Placer","weekend","NO2",0.0710409252669039
"722",38.745726,-121.266312,"Placer","weekend","Ozone",0.453870151274354
"723",38.81161,-120.033084,"El Dorado","weekday","Ozone",0.664340140201158
"724",38.81161,-120.033084,"El Dorado","weekend","Ozone",0.670561821219716
"725",38.885528,-121.303144,"Placer","weekday","Ozone",0.39677052904901
"726",38.885528,-121.303144,"Placer","weekend","Ozone",0.410493197278912
"727",38.890941,-121.003373,"El Dorado","weekday","Ozone",0.586818275790779
"728",38.890941,-121.003373,"El Dorado","weekend","Ozone",0.561204383231125
"729",38.935578,-121.100648,"Placer","weekday","Ozone",0.498171465605037
"730",38.935578,-121.100648,"Placer","weekend","Ozone",0.497692743764172
"731",39.0327,-122.92229,"Lake","weekday","Ozone",0.383059655971697
"732",39.0327,-122.92229,"Lake","weekend","Ozone",0.391697799916978
"733",39.100174,-120.953832,"Placer","weekday","Ozone",0.481108382373384
"734",39.100174,-120.953832,"Placer","weekend","Ozone",0.48531746031746
"735",39.138773,-121.618549,"Sutter","weekday","NO2",0.080416881443299
"736",39.138773,-121.618549,"Sutter","weekday","Ozone",0.334632834817678
"737",39.138773,-121.618549,"Sutter","weekend","NO2",0.0596716666666667
"738",39.138773,-121.618549,"Sutter","weekend","Ozone",0.351509221372235
"739",39.14566,-123.20298,"Mendocino","weekday","Ozone",0.294584056549191
"740",39.14566,-123.20298,"Mendocino","weekend","Ozone",0.327174987642116
"741",39.166017,-120.148833,"Placer","weekday","Ozone",0.500999000999001
"742",39.166017,-120.148833,"Placer","weekend","Ozone",0.530691609977324
"743",39.202935,-122.017728,"Colusa","weekday","Ozone",0.430531927783836
"744",39.202935,-122.017728,"Colusa","weekend","Ozone",0.44401027663261
"745",39.205572,-121.820362,"Sutter","weekday","CO",0.00382393822393822
"746",39.205572,-121.820362,"Sutter","weekday","Ozone",0.719892793329363
"747",39.205572,-121.820362,"Sutter","weekend","CO",0.00354966887417219
"748",39.205572,-121.820362,"Sutter","weekend","Ozone",0.704223875903993
"749",39.234331,-121.056591,"Nevada","weekday","Ozone",0.659089653902798
"750",39.234331,-121.056591,"Nevada","weekend","Ozone",0.64294817090516
"751",39.533761,-122.191903,"Glenn","weekday","Ozone",0.396831438457736
"752",39.533761,-122.191903,"Glenn","weekend","Ozone",0.417379004981243
"753",39.714041,-121.618836,"Butte","weekday","Ozone",0.586116767686447
"754",39.714041,-121.618836,"Butte","weekend","Ozone",0.575934481310374
"755",39.761538,-121.84162,"Butte","weekday","CO",0.00702543518918141
"756",39.761538,-121.84162,"Butte","weekday","NO2",0.0632744310575636
"757",39.761538,-121.84162,"Butte","weekday","Ozone",0.3728028872583
"758",39.761538,-121.84162,"Butte","weekend","CO",0.00658344803037494
"759",39.761538,-121.84162,"Butte","weekend","NO2",0.0509855072463768
"760",39.761538,-121.84162,"Butte","weekend","Ozone",0.378479739721976
"761",40.17093,-122.25556,"Tehama","weekday","Ozone",0.402604885370518
"762",40.17093,-122.25556,"Tehama","weekend","Ozone",0.415851922164214
"763",40.262072,-122.092766,"Tehama","weekday","Ozone",0.768740913056121
"764",40.262072,-122.092766,"Tehama","weekend","Ozone",0.747996393508315
"765",40.452913,-122.298866,"Shasta","weekday","Ozone",0.316315789473684
"766",40.452913,-122.298866,"Shasta","weekend","Ozone",0.339829441391941
"767",40.53999,-121.57646,"Shasta","weekday","Ozone",0.541609664878697
"768",40.53999,-121.57646,"Shasta","weekend","Ozone",0.555974618988318
"769",40.549985,-122.382011,"Shasta","weekday","Ozone",0.367762777018734
"770",40.549985,-122.382011,"Shasta","weekend","Ozone",0.383553951062976
"771",40.689253,-122.402194,"Shasta","weekday","Ozone",0.448562575715218
"772",40.689253,-122.402194,"Shasta","weekend","Ozone",0.451525134904857
"773",40.71528,-124.20139,"Humboldt","weekday","CO",0.0063130881094953
"774",40.71528,-124.20139,"Humboldt","weekday","NO2",0.00870032264186753
"775",40.71528,-124.20139,"Humboldt","weekday","Ozone",0.411890445922399
"776",40.71528,-124.20139,"Humboldt","weekday","SO2",0.00205652173913043
"777",40.71528,-124.20139,"Humboldt","weekend","CO",0.00626507469850603
"778",40.71528,-124.20139,"Humboldt","weekend","NO2",0.00776968085106383
"779",40.71528,-124.20139,"Humboldt","weekend","Ozone",0.425061187685173
"780",40.71528,-124.20139,"Humboldt","weekend","SO2",0.00219165870741802
"781",40.776944,-124.1775,"Humboldt","weekday","CO",0.00680451789802027
"782",40.776944,-124.1775,"Humboldt","weekday","NO2",0.0289463580911374
"783",40.776944,-124.1775,"Humboldt","weekday","Ozone",0.285598840636667
"784",40.776944,-124.1775,"Humboldt","weekday","SO2",0.00420249338874197
"785",40.776944,-124.1775,"Humboldt","weekend","CO",0.00673101077543465
"786",40.776944,-124.1775,"Humboldt","weekend","NO2",0.0231395014381592
"787",40.776944,-124.1775,"Humboldt","weekend","Ozone",0.305216333845366
"788",40.776944,-124.1775,"Humboldt","weekend","SO2",0.00409967571257894
"789",41.726892,-122.633579,"Siskiyou","weekday","Ozone",0.276496130800767
"790",41.726892,-122.633579,"Siskiyou","weekend","Ozone",0.284067326254826
