{"type":"FeatureCollection", "features": [
{"type":"Feature","geometry":{"type":"Point","coordinates":[-122.169935,37.743065]},"properties":{"County":"Alameda","Latitude":37.743065,"Longitude":-122.169935,"CO":0.01246034,"NO2":0.109131002,"Ozone":0.356317993,"SO2":0.011427313}},
{"type":"Feature","geometry":{"type":"Point","coordinates":[-122.026154,37.936013]},"properties":{"County":"Contra Costa","Latitude":37.936013,"Longitude":-122.026154,"CO":0.009252424,"NO2":0.061569634,"Ozone":0.360410456,"SO2":0.015858708}},
{"type":"Feature","geometry":{"type":"Point","coordinates":[-119.774174,36.785322]},"properties":{"County":"Fresno","Latitude":36.785322,"Longitude":-119.774174,"CO":0.00841268,"NO2":0.104955461,"Ozone":0.4640728,"SO2":0.006151218}},
{"type":"Feature","geometry":{"type":"Point","coordinates":[-124.1775,40.776944]},"properties":{"County":"Humboldt","Latitude":40.776944,"Longitude":-124.1775,"CO":0.006533604,"NO2":0.018236545,"Ozone":0.353247076,"SO2":0.003458054}},
{"type":"Feature","geometry":{"type":"Point","coordinates":[-115.484144,32.676186]},"properties":{"County":"Imperial","Latitude":32.676186,"Longitude":-115.484144,"CO":0.007042831,"NO2":0.08267239,"Ozone":0.432601965,"SO2":0.009386846}},
{"type":"Feature","geometry":{"type":"Point","coordinates":[-117.92391,34.1365]},"properties":{"County":"Los Angeles","Latitude":34.1365,"Longitude":-117.92391,"CO":0.010199964,"NO2":0.154868223,"Ozone":0.412432205,"SO2":0.007901866}},
{"type":"Feature","geometry":{"type":"Point","coordinates":[-117.93845,33.83062]},"properties":{"County":"Orange","Latitude":33.83062,"Longitude":-117.93845,"CO":0.011896499,"NO2":0.158806263,"Ozone":0.417756155,"SO2":0.001511487}},
{"type":"Feature","geometry":{"type":"Point","coordinates":[-116.54101,33.85275]},"properties":{"County":"Riverside","Latitude":33.85275,"Longitude":-116.54101,"CO":0.007154904,"NO2":0.084669058,"Ozone":0.52324289,"SO2":0.003125907}},
{"type":"Feature","geometry":{"type":"Point","coordinates":[-121.38109,38.71209]},"properties":{"County":"Sacramento","Latitude":38.71209,"Longitude":-121.38109,"CO":0.01063564,"NO2":0.068328687,"Ozone":0.388479845,"SO2":0.035469512}},
{"type":"Feature","geometry":{"type":"Point","coordinates":[-117.024484,34.895007]},"properties":{"County":"San Bernardino","Latitude":34.895007,"Longitude":-117.024484,"CO":0.011099338,"NO2":0.183702091,"Ozone":0.557254165,"SO2":0.008911554}},
{"type":"Feature","geometry":{"type":"Point","coordinates":[-117.149653,32.701492]},"properties":{"County":"San Diego","Latitude":32.701492,"Longitude":-117.149653,"CO":0.011467177,"NO2":0.093091472,"Ozone":0.495797266,"SO2":0.001276565}},
{"type":"Feature","geometry":{"type":"Point","coordinates":[-119.691218,34.427775]},"properties":{"County":"Santa Barbara","Latitude":34.427775,"Longitude":-119.691218,"CO":0.005366834,"NO2":0.026654691,"Ozone":0.42688764,"SO2":0.002521814}},
{"type":"Feature","geometry":{"type":"Point","coordinates":[-121.894898,37.348497]},"properties":{"County":"Santa Clara","Latitude":37.348497,"Longitude":-121.894898,"CO":0.013372871,"NO2":0.136568868,"Ozone":0.348586014,"SO2":0.002704225}},
{"type":"Feature","geometry":{"type":"Point","coordinates":[-122.237976,38.102507]},"properties":{"County":"Solano","Latitude":38.102507,"Longitude":-122.237976,"CO":0.010839608,"NO2":0.072016527,"Ozone":0.363594123,"SO2":0.009727463}}
]}